show_name,show_url,show_date,show_city,show_state,show_venue,camera_used_1,camera_used_2,show_desc,band_1,band_2,band_3,band_4,band_5,band_6,band_7,band_8,band_9,band_10,band_11,band_12,band_13,band_14,band_15,band_16,band_17,band_18,band_19,band_20
Burning Time w/ Loki,https://photos.smugmug.com/photos/i-5xzJcpx/0/MDp38HvzhNdQ7ZmtgzVzjQMmKCsgVLrf4zSrZ5rh7/X2/i-5xzJcpx-X2.jpg,3/14/26,Lewiston,Maine,Colisee,Canon EOS R6 Mark II,,,,,,,,,,,,,,,,,,,,,,
5th Annual Justin Smith Mosh For Tots,https://photos.smugmug.com/photos/i-C2VHT5m/0/NMPrV8HJnkNkScVBxrCvx2MgwRcpkds2tX6nJw6qf/XL/i-C2VHT5m-XL.jpg,12/6/25,Harmony,Maine,Not Whole Studios,Canon EOS R6 Mark II,,,Echo Ritual,Dawn of End,Dead In Your Eyes,In The Kingdom of Nightmares,Thy Enemy,Kryptosporidium,"I, The Conqueror",Viqueen,,,,,,,,,,,,
TSO at SNHU Arena,https://photos.smugmug.com/photos/i-vBTH2rM/0/L6MrCmrJbp2QH76xdv37HzLPm6H8bF9JQJJmFj8n7/X3/i-vBTH2rM-X3.jpg,11/28/25,Manchester,New Hampshire,SNHU Arena,Samsung Galaxy S25 Ultra,,,Trans-Siberian Orchestra,,,,,,,,,,,,,,,,,,,
Burning Time's 10th Anniversary Show,https://photos.smugmug.com/photos/i-wXSHbn2/0/LFmvxHxf8gCw5vd52Jk53KJGbptTN3mGLdwNvZv8z/X2/i-wXSHbn2-X2.jpg,11/15/25,Sabattus,Maine,Mixers,Canon EOS R6 Mark II,,,Anatomy of a Thief,Left on Red,Cradle II Grave,Burning Time,,,,,,,,,,,,,,,,
Trawl-O-Ween 3,https://photos.smugmug.com/photos/i-vdXWSNv/0/MwgqD466VTLbFSvCSB6RDhP29C2BsSzQdqqhGJb5S/X2/i-vdXWSNv-X2.jpg,10/24/25,Auburn,Maine,Lost Valley Brewing,Canon EOS R6,,,ReVision,Ouvre,Trawl,,,,,,,,,,,,,,,,,
Cuda's 50th Birthday Party,https://photos.smugmug.com/photos/i-fhr2LLz/0/KmKXbt6KSjpzrs8fZPgmj3mLfh64nGrpWLjwqjCSG/L/i-fhr2LLz-L.jpg,10/18/25,Brunswick,Maine,O'Donoghues Pub,Canon EOS R7,,,Four Feet Out,Loki,,,,,,,,,,,,,,,,,,
You Can't Kill Rock n' Roll 2025,https://photos.smugmug.com/photos/i-zM6PSDh/0/LSFp2LZ4C57F6H6z7ZcMCsWrrKtTdP2NjKNv7HLQf/X4/i-zM6PSDh-X4.jpg,9/26/25,Portland,Maine,Aura,Canon EOS R10,,A benefit show featuring stars from the Maine local music scene as they performed several Ozzy Osborne hits. All proceeds of the show went to the Michael J Fox Foundation for Parkinsons research.,All-Star Ensembles,Sygnal to Noise,,,,,,,,,,,,,,,,,,
24th Annual Windham Tattoo Party,https://photos.smugmug.com/photos/i-dZ94x2J/0/Mnrz5p3z2MJRjDh3LNNWF4RpMRQxDfLzSZsFQSPqX/X3/i-dZ94x2J-X3.jpg,8/30/25,Casco,Maine,Dave's Place,Canon EOS R10,,,Paradise is Cancelled,Loki,Thousand Mile Fall,In The Wind,Lone Wolf James,Four Feet Out,Pulsifier,Echo Ritual,,,,,,,,,,,,
Herd Flock 7: Flock On (Day 2),https://photos.smugmug.com/photos/i-97KPdvJ/0/MM9WTgZF77R5sLV2SWXTdc58RRg82JhvXPKxHLXLH/X2/i-97KPdvJ-X2.jpg,8/2/25,Richmond,Maine,Lilly Compound,Canon EOS R10,,,The Burial Curse,Paradise is Cancelled,Slampig,Cytokine,Empty Halls,Dawn of End,Stand Abandoned,The Hailing Tides,Manuel,Trawl,Destination: Void,"I, The Conqueror",VRSA,Thousand Mile Fall,Midnight Possession,In The Kingdom of Nightmares,,,,
Herd Flock 7: Flock On (Day 1),https://photos.smugmug.com/photos/i-97KPdvJ/0/MM9WTgZF77R5sLV2SWXTdc58RRg82JhvXPKxHLXLH/X2/i-97KPdvJ-X2.jpg,8/1/25,Richmond,Maine,Lilly Compound,Canon EOS R10,,,Thy Enemy,Kryptosporidium,Anatomy of a Thief,S.C.O.B.Y.,Viqueen,Dead In Your Eyes,Stillborn Condition,Iron Gate,Loki,,,,,,,,,,,
The Benefit for Bob Brackett,https://photos.smugmug.com/photos/i-TqJKf4P/0/LDt6dmXNHGrHrtHVk57C9G5q5jbhq5sh9Gk3hBm9J/X2/i-TqJKf4P-X2.jpg,5/31/25,Brunswick,Maine,Social Goose Bar,Canon EOS R10,,,Echo Ritual,3FD,Lethal Creed,Midnight Possession,,,,,,,,,,,,,,,,
Mixers Showcase Series,https://photos.smugmug.com/photos/i-DRH3GrN/0/M6cz4dL3tX27wsLNwgHTTDPMKhSHhN4wShCNw5FPd/X2/i-DRH3GrN-X2.jpg,5/3/25,Sabattus,Maine,Mixers,Canon EOS R10,,,Loki,Sygnal to Noise,Burning Time,,,,,,,,,,,,,,,,,
Nu-Metal Revival Tour,https://photos.smugmug.com/photos/i-NRcLBmx/0/NBrFqNxvbfwnm6KX6bCkBkVRtxm4bBFWPXwGWdHkd/L/i-NRcLBmx-L.jpg,3/9/25,Portland,Maine,Aura,Samsung Galaxy S25 Ultra,,,Lone Wolf James,Core,Adema,Hed-PE,Josey Scott Band,,,,,,,,,,,,,,,
Tree Returns to Maine,https://photos.smugmug.com/photos/i-cdkzVjK/0/MmTF2srctRtwRKNgfrcZFDvB4TR44ZzkDSd6HwsbC/L/i-cdkzVjK-L.jpg,3/8/25,Portland,Maine,Portland House of Music and Events,Canon EOS R10,,,Sythe,Trawl,Murcielago,TREE,,,,,,,,,,,,,,,,
Shawn Caron's Birthday Bash '25,https://photos.smugmug.com/photos/i-sfBTSgF/0/K9jdqqgkqkRt2S3QFH2rWN7MNcMCssmCbVDMNWLSv/L/i-sfBTSgF-L.jpg,2/22/25,Brunswick,Maine,O'Donoghues Pub,Canon EOS R10,,,3FD,Four Feet Out,Paradise is Cancelled,Trawl,,,,,,,,,,,,,,,,
Prospect Hill Returns to Maine,https://photos.smugmug.com/photos/i-g896MV4/0/L4HtBBJLc77DG7jrJM6dzP2SfSLnhq7cpJhbcDH93/X2/i-g896MV4-X2.jpg,2/1/25,Sabattus,Maine,Mixers,Canon EOS R10,,,Pulsifier,Fifth Freedom,Burning Time,Prospect Hill,,,,,,,,,,,,,,,,
Werewolves in Wonderland Party,https://photos.smugmug.com/photos/i-2n6rFMS/0/LvdcxznDPLNsNngbcht8jxZF87CD2hGXFt65SMMhg/XL/i-2n6rFMS-XL.jpg,10/19/24,Sabattus,Maine,Mixers,Canon EOS R10,,,ReVision,Black Orange,Pulsifier,,,,,,,,,,,,,,,,,
Sliders Rocking 1-Year Anniversary Bash,https://photos.smugmug.com/photos/i-xGB4xF6/0/L9zZ8KK7T2RcmjdPdSxQh75zx6pcZ9z2WrVWLv93z/X2/i-xGB4xF6-X2.jpg,9/7/24,Lewiston,Maine,Slider's Pub,Canon EOS R10,,,Identity Crisis,Burning Time,,,,,,,,,,,,,,,,,,
23rd Annual Windham Tattoo Party,https://photos.smugmug.com/photos/i-9gjZvC6/0/LtxDk6cD2pZx94PswkpncFJFqWZ6VwP9phTb48B8F/L/i-9gjZvC6-L.jpg,8/10/24,Casco,Maine,Dave's Place,Canon EOS R10,,,Ponder,Fifth Freedom,Alions,Loki,Lone Wolf James,Four Feet Out,Dark Rain,Trawl,,,,,,,,,,,,
Herd Flock 6,https://photos.smugmug.com/photos/i-PPs3t8X/0/LRc4m4JLjDtvnMhnmGKpq495xwMw9g3bXqGsj7qKV/X2/i-PPs3t8X-X2.jpg,8/3/24,Richmond,Maine,Lilly Compound,Canon EOS R10,,,Echo Ritual,Dawn of End,Trash Fire,VRSA,Empty Halls,Alions,"I, The Conqueror",Viqueen,MOUND,Loki,Destination Void,Stillborn Condition,In The Kingdom of Nightmares,When The Dead Won't Die,,,,,,
Private Event,https://photos.smugmug.com/Music/Band-Logos/i-4WcQ44S/0/NQbm4qm5gjLLkLrLFfLrgTKXtt57mFgg5jqfs3xt4/S/Deadly%20Desire-S.jpg,4/14/24,Wiscasset,Maine,Private Home,Canon EOS R10,,,Deadly Desire,,,,,,,,,,,,,,,,,,,
Stove Up @ O'Donoghues,https://photos.smugmug.com/Music/Band-Logos/i-JJPmX5m/0/Kxk4V7bShTtBL5jR4hptgVjqdRrmZ9ckT6W9kjN3C/S/Stove%20Up-S.jpg,2/10/24,Brunswick,Maine,O'Donoghues Pub,Canon EOS R10,,,Stove Up,,,,,,,,,,,,,,,,,,,
The Christmas Miracle Benefit,https://photos.smugmug.com/photos/i-SMnM7dZ/0/MZ97F8qPN9SwCMtKKbDNSDr2RCgpjpgZ3mcs9xBNX/X2/i-SMnM7dZ-X2.jpg,12/22/23,Brunswick,Maine,O'Donoghues Pub,Canon EOS R10,,,Drunk in Public,Seattle,Diamond Edge,Dark Rain,,,,,,,,,,,,,,,,
TSO at Mohegan Sun,https://photos.smugmug.com/photos/i-hL8jXst/0/NQPF9q75j99XGd3gcxF69BPcCPBsDtc8HkQQqTSgs/X2/i-hL8jXst-X2.jpg,11/26/23,Uncasville,Connecticut,Mohegan Sun,Samsung Galaxy S23 Ultra,,,Trans-Siberian Orchestra,,,,,,,,,,,,,,,,,,,
Taproot w/ Guests,https://photos.smugmug.com/photos/i-sdp7ZFs/0/NdQH2MjZxTJvzmhW8mk8kBwd2SsPrgzB4zT2M5f5q/X2/i-sdp7ZFs-X2.jpg,11/3/23,Hampton Beach,New Hampshire,Wally's,Canon EOS R10,Samsung Galaxy S23 Ultra,,Trawl,Dead By Wednesday,Eva Under Fire,Taproot,,,,,,,,,,,,,,,,
Trawl-O-Ween,https://photos.smugmug.com/photos/i-P43fsCQ/0/LG4hZkXBc5Hzx7qBZNk4wChrDDKXgz9Fx34SRwLgx/X4/i-P43fsCQ-X4.jpg,10/20/23,Auburn,Maine,Lost Valley Brewing,Canon EOS R10,,,Division North,Loki,Trawl,,,,,,,,,,,,,,,,,
Herd Flock V: Revenge of the Fifth (Day 2),https://photos.smugmug.com/photos/i-vsnqLxQ/0/LjpxLnt9HnNVhvQvpt9mr6k6BmtHxTWvGPH9FjQt5/X2/i-vsnqLxQ-X2.jpg,8/5/23,Richmond,Maine,Lilly Compound,Canon EOS 90D,Canon EOS 80D,Also known as Mud-Flock,Trash Fire,A River of Trees,VRSA,Ethereal Rot,Scotty Saints and the True Believers,Slampig,Sonic Libido,Dawn of End,Tried and True,Estabrook,MOUND,Twin Grizzly,The Unscarred,When the Dead Won't Die,In The Kingdom of Nightmares,Smothered Sun,Stillborn Condition,,,
Herd Flock V: Revenge of the Fifth (Day 1),https://photos.smugmug.com/photos/i-vsnqLxQ/0/LjpxLnt9HnNVhvQvpt9mr6k6BmtHxTWvGPH9FjQt5/X2/i-vsnqLxQ-X2.jpg,8/4/23,Richmond,Maine,Lilly Compound,Canon EOS 90D,Canon EOS 80D,Also known as Mud-Flock,Midnight Possession,Black Vinegar,Four Feet Out,Drown in Filth,Death's Hand,Alions,Dead In Your Eyes,Loki,"I, The Conqueror",Destination Void,,,,,,,,,,
Something Stupid on the Songo '23,https://photos.smugmug.com/Music/Band-Logos/i-jQFcK2V/0/LjRCFk2B869Zr69kRDzMSvFq6VHsZ99shVvns45LK/X2/Something%20Stupid-X2.png,7/8/23,Naples,Maine,Long Lake-Songo River Cruise,Canon EOS 90D,,,Something Stupid,,,,,,,,,,,,,,,,,,,
Trawl 'Cosmic Aquatic' EP Release Show,https://photos.smugmug.com/photos/i-BnFWMrv/0/KThwMwpVHmtHh4dm2fscz4hcmMLwFHFFcLf9VzDGb/X2/i-BnFWMrv-X2.jpg,6/30/23,Portland,Maine,Aura,Canon EOS 90D,Canon EOS 80D,,Roseview,Mammothor,Too Late The Hero,Trawl,,,,,,,,,,,,,,,,
22nd Annual Windham Tattoo Appreciation Party,https://photos.smugmug.com/photos/i-wJjFFrR/0/LWTXxng4vmJcmRdrXxMg3mxQPXVT8pn6HWmvP5xtG/XL/i-wJjFFrR-XL.jpg,6/10/23,Casco,Maine,Dave's Place,Canon EOS 90D,Canon EOS 80D,,"I, The Conqueror",Fifth Freedom,Ken/James Grimmsley,enigmatheory,Amanita,Tried and True,Lone Wolf James,Black Orange,Wreckless Child,,,,,,,,,,,
Sygnal To Noise Tour Sendoff Party,https://photos.smugmug.com/photos/i-xB2ThNQ/0/LZ76tcw2w7kBWSPkvW4tGMPBXZhP5sbVzNHb4TsgV/XL/i-xB2ThNQ-XL.jpg,3/11/23,Sabattus,Maine,Mixers,Canon EOS 80D,,,Estabrook,Burning Time,Sygnal to Noise,,,,,,,,,,,,,,,,,
Shawn Caron's Birthday Bash '23,https://photos.smugmug.com/photos/i-hDbCHM9/0/NNmnWMpSF2FDbGtQp9LKJLV5VNstBntkrmgW7h5hv/X2/i-hDbCHM9-X2.jpg,2/25/23,Topsham,Maine,American Legion Hall Post 202,Canon EOS 90D,,,Ashe Madness,3FD,Spectrobot,,,,,,,,,,,,,,,,,
"I, The Conqueror CD Release Party",https://photos.smugmug.com/photos/i-GntFnBH/0/NVRjpfthKCmG6PnFP34cZN78zJncsrT2rqszT9hHN/X2/i-GntFnBH-X2.jpg,1/13/23,Portland,Maine,Free Street Cavern,Canon EOS 90D,,,Dead In Your Eyes,Death's Hand,When The Dead Won't Die,"I, The Conqueror",,,,,,,,,,,,,,,,
Alions w/ Trawl,https://photos.smugmug.com/photos/i-T34fJMH/0/NhPCLr5bZ3xVbDPFCxD4qrrDq4sQ4JL6LspKZbvpQ/X2/i-T34fJMH-X2.jpg,10/21/22,Auburn,Maine,The 1800,Canon EOS 90D,,,Trawl,Alions,,,,,,,,,,,,,,,,,,
"Sevendust ""Animosity"" 20th Anniversary Tour",,9/13/22,Portland,Maine,Aura,Samsung Galaxy S21 Ultra,,,Burden Of The Sky,Bastardane,Nonpoint,Sevendust,,,,,,,,,,,,,,,,
Aerosmith w/ Extreme,,9/4/22,Bangor,Maine,Maine Savings Amplitheater,Samsung Galaxy S21 Ultra,,,Extreme,Aerosmith,,,,,,,,,,,,,,,,,,
Rikk Ashe's Birthday Bash,https://photos.smugmug.com/photos/i-LQLz57f/0/MQL9zbwrsxCFvDR5X8Nfnw8dnGtTrbL3hw7vgwndT/X2/i-LQLz57f-X2.jpg,9/3/22,Bath,Maine,American Legion Hall,Canon EOS 90D,,,3FD,Seasons of Ash,Ashe Madness,,,,,,,,,,,,,,,,,
Maine Marimba Ensemble @ Park Row,https://photos.smugmug.com/photos/i-DbRb63D/0/LcG8g33Sm79NVQ8zCmqxJsDwnqj8rqJzRXH6gd5gs/X2/i-DbRb63D-X2.png,8/20/22,Brunswick,Maine,Park Row,Samsung Galaxy S21 Ultra,,,Maine Marimba Ensemble,,,,,,,,,,,,,,,,,,,
Something Stupid on the Songo '22,https://photos.smugmug.com/Music/Band-Logos/i-jQFcK2V/0/LjRCFk2B869Zr69kRDzMSvFq6VHsZ99shVvns45LK/X2/Something%20Stupid-X2.png,7/9/22,Naples,Maine,Long Lake-Songo River Cruise,Canon EOS 90D,,,Something Stupid,,,,,,,,,,,,,,,,,,,
20th Annual WIndham Tattoo Appreciation Party (Day 2),https://photos.smugmug.com/photos/i-pZxSLdf/0/KFKhfFvKndfXjdPBn6L585z85VvPjNzqxhPg7MKcv/XL/i-pZxSLdf-XL.jpg,6/25/22,Casco,Maine,Dave's Place,Canon EOS 90D,Canon EOS 80D,,Pariah,3FD,In The Kingdom of Nightmares,Ascent To Power,Ponder,Lemonade,Morganite,Tried and True,Ken/James Grimmsley,In The Wind,Echo Ritual,Trawl,,,,,,,,
20th Annual WIndham Tattoo Appreciation Party (Day 1),https://photos.smugmug.com/photos/i-pZxSLdf/0/KFKhfFvKndfXjdPBn6L585z85VvPjNzqxhPg7MKcv/XL/i-pZxSLdf-XL.jpg,6/24/22,Casco,Maine,Dave's Place,Canon EOS 90D,Canon EOS 80D,,Mykal Distortion,Calibrating the Calamity,Dark Rain,Badtude,Four Feet Out,,,,,,,,,,,,,,,
American Ride Acoustic @ Pats 2022,https://photos.smugmug.com/photos/i-DbRb63D/0/LcG8g33Sm79NVQ8zCmqxJsDwnqj8rqJzRXH6gd5gs/X2/i-DbRb63D-X2.png,6/15/22,Brunswick,Maine,Pat's Pizza,Samsung Galaxy S21 Ultra,,,American Ride,,,,,,,,,,,,,,,,,,,
Fozzy w/ Guests 2022,https://photos.smugmug.com/photos/i-tsXChnS/0/NJDXfdHWRrFNHmhnbmpHsGLgD5J2qT36DHLFX5qGc/X3/i-tsXChnS-X3.jpg,4/8/22,Portland,Maine,Aura,Samsung Galaxy S21 Ultra,,,The Nocturnal Affair,KrashKarma,GFM,Fozzy,,,,,,,,,,,,,,,,
Fozzy - VIP Experience,https://photos.smugmug.com/photos/i-tsXChnS/0/NJDXfdHWRrFNHmhnbmpHsGLgD5J2qT36DHLFX5qGc/X3/i-tsXChnS-X3.jpg,4/8/22,Portland,Maine,Aura,Canon EOS 90D,,,Fozzy,,,,,,,,,,,,,,,,,,,
ATP CD Release Party 2022,https://photos.smugmug.com/photos/i-fZsCRFd/0/LkFbrPtJc4rS4R7kC66GP5rzKN4P8pcNRRd4Q4XMQ/XL/i-fZsCRFd-XL.jpg,3/5/22,Auburn,Maine,The 1800,Canon EOS 90D,,,Alions,Ascent to Power,,,,,,,,,,,,,,,,,,
Eric Church @ SHNU Arena,https://photos.smugmug.com/photos/i-9xxWZ4h/0/NG3zf4NLCt48NJ4NhWQ2MSrVWTR4RPGZKJZChGwwB/X2/i-9xxWZ4h-X2.jpg,12/3/21,Manchester,New Hampshire,SNHU Arena,Samsung Galaxy S21 Ultra,,,Eric Church,,,,,,,,,,,,,,,,,,,
Uncle Jack w/ Burning Time 2021,https://photos.smugmug.com/photos/i-cgDqLVk/0/MtdQpzxhbbLPQHp6DKhZ5nGzVgxgbjLxPQL6SSxfW/X2/i-cgDqLVk-X2.jpg,11/20/21,Sabattus,Maine,Mixers,Canon EOS 90D,,,Burning Time,Uncle Jack,,,,,,,,,,,,,,,,,,
Brett Young / Maddie & Tae / Filmore,,9/18/21,Portland,Maine,Thompson's Point,Samsung Galaxy S21 Ultra,,,Filmore,Maddie & Tae,Brett Young,,,,,,,,,,,,,,,,,
ATP / Alions / Ripfence 2021,https://photos.smugmug.com/photos/i-DhHd56D/0/NJg8FMnBG8LrGj47Dcbk77jZkRf6VkTWjZ3fdgCMZ/L/i-DhHd56D-L.jpg,8/7/21,Lewiston,Maine,LA Cage,Canon EOS 90D,,,Ripfence,Alions,Ascent to Power,,,,,,,,,,,,,,,,,
Murcielago / Ultra Major / Trawl,https://photos.smugmug.com/photos/i-k5d349s/0/MrFRf6tcJ2cZB9jQRfpCcRkHfBNH8GZ6Hqf8jR242/XL/i-k5d349s-XL.jpg,7/9/21,Portland,Maine,Aura,Canon EOS 90D,,,Trawl,Ultra Major,Murcielago,,,,,,,,,,,,,,,,,
Mud Season Mayhem,https://photos.smugmug.com/photos/i-9J6wHCR/0/NdNtW44B7GF2WSksjFqR4m9rBkpwQZgjqSTNhxMjz/XL/i-9J6wHCR-XL.jpg,4/24/21,Chesterville,Maine,Seasons of Ash Practice Hall,Canon EOS 90D,,,Seasons of Ash,Alions,Dead In Your Eyes,Blind Alibi,,,,,,,,,,,,,,,,
10th Annual Dark Rain BBQ,https://photos.smugmug.com/photos/i-pK2q6KN/0/Mrrp6VdzftZNjxn8TXLJ5369NBcDvmhpqGBSsJ8bw/X2/i-pK2q6KN-X2.jpg,8/15/20,Wiscasset,Maine,Dark Rain HQ,Canon EOS 80D,,,Hogan's Alley,Clapping in Irons,Four Feet Out,Dark Rain,Y Wouldn't U,Diamond Edge,Leaving Eden,,,,,,,,,,,,,
Alions CD Release Party 2020,https://photos.smugmug.com/photos/i-dfkWndw/0/K8CxRwLdJ5frXBbkRJxWSS9VKvDW3T87WDpbgd4PK/L/i-dfkWndw-L.jpg,1/11/20,Westbrook,Maine,Live @ 212,Canon EOS 80D,,,In the Kingdom of Nightmares,Seasons of Ash,Stillborn Condition,Alions,,,,,,,,,,,,,,,,
LA Cage Halloween Bash 2019,https://photos.smugmug.com/photos/i-FMZKhBx/0/MTHj87tQ56SL2JpL2v39RMmJD2Z8qqZZqvx6HwjX3/X3/i-FMZKhBx-X3.jpg,11/2/19,Lewiston,Maine,LA Cage,Canon EOS 80D,,,Dead In Your Eyes,Ripfence,Ascent to Power,Ire & Woe,,,,,,,,,,,,,,,,
Deep Purple / Joyous Wolf,,10/6/19,Portland,Maine,Merrill Audiotorium,Canon EOS 80D,Samsung Galaxy S8,,Joyous Wolf,Deep Purple,,,,,,,,,,,,,,,,,,
Yellow Brick Road @ Bath Waterfront 2019,https://photos.smugmug.com/photos/i-7QdXj24/0/KN4LwFKBVNhCHTsTFgDdf9H9fJGczdVJbh93JvFhk/X2/i-7QdXj24-X2.jpg,9/1/19,Bath,Maine,Bath Waterfront,Samsung Galaxy S8,,,Yellow Brick Road,,,,,,,,,,,,,,,,,,,
Herd Flock 4,https://photos.smugmug.com/photos/i-n9cP3Gq/0/LrX9H7Jt8pZr98PwDr4Dxc6mgQbmnKmpv8jghdZfs/X2/i-n9cP3Gq-X2.jpg,8/17/19,Richmond,Maine,Lilly Compound,Canon EOS 80D,,,Metal Night,Y Wouldn't U,In The Kingdom of Nightmares,Tactiles,Time Out Timmy,Tried and True,Aegri Somnia,Pariah,Hatred Alive,Loki,When The Dead Won't Die,The Struggle Within,Culling The Herd,Devil's Nite Out,Roseview,Stillborn Condition,Death Ray Vision,,,
Impact Festival,https://photos.smugmug.com/photos/i-MF4fB7N/0/NfmQvNJwrmpPbNzLvJvhQPXkCwvx8MKksbPRv2F6N/XL/i-MF4fB7N-XL.jpg,7/28/19,Bangor,Maine,Darling's Waterfront Pavilion,Canon EOS 80D,,,Joyous Wolf,Crown Lands,All That Remains,Mammothor,Fever 333,Beartooth,Buckcherry,Killswitch Engage,Evanescence,Godsmack,,,,,,,,,,
18th Annual Windham Tattoo Appreciation Party,https://photos.smugmug.com/photos/i-6GT7MFF/0/NGMDvxwvm3DfTQHKKjM5cLcxBd5w3tXK2X6bDK2gK/M/i-6GT7MFF-M.jpg,6/29/19,Casco,Maine,Dave's Place,Canon EOS 80D,,,Enlightened StrangeLink,Pariah,Dark River Rising,When Muppetz Attack,Alions,Reaver,Devil's Nite Out,Threatpoint,Dark Rain,Exhale,Division North,,,,,,,,,
Death Rattle w/ Guests 2019,https://photos.smugmug.com/photos/i-RnbX99N/0/KjDpJtT2b7xL7bT4HNp4KGLFpKcW9c445SS9zBcqR/XL/i-RnbX99N-XL.jpg,6/8/19,Westbrook,Maine,Live @ 212,Canon EOS 80D,,,Towers,Devil's Nite Out,Death Rattle,Chaos Machine,,,,,,,,,,,,,,,,
Lucky Leprechaun Bash 2019,https://photos.smugmug.com/photos/i-BzTPrXF/0/MV6gmGHbtD9fmtX5SLLSq8mZNhQ4KrcjTPKXWqspD/S/i-BzTPrXF-S.jpg,3/16/19,Westbrook,Maine,Live @ 212,Canon EOS 80D,,,Clapping In Irons,SIXTEENX20,Lone Wolf James,Renegade Cartel,Iron Dynamite,Sygnal To Noise,,,,,,,,,,,,,,
Quansigamog 475 Hogfest 2019,https://photos.smugmug.com/photos/i-TcrdSLD/0/NBnX7qjrSWPGZL4skGH2SzfC4WxFtqGLQJwGdvT8j/M/i-TcrdSLD-M.jpg,2/16/19,Bath,Maine,Bath Legion Hall,Canon EOS 80D,,,Four Feet Out,False Prophecy,Shy Green,,,,,,,,,,,,,,,,,
Arta'sin / Loki / Revision / Trial By Stone,,11/10/18,Westbrook,Maine,Live @ 212,Canon EOS 80D,,,ReVision,Trial By Stone,Arta'sin,Loki,,,,,,,,,,,,,,,,
Trawl / Division North / Objet,https://photos.smugmug.com/photos/i-PPzWg53/0/KSqs8xpD6qSNFmrJZtbt7CsWDF2TvRskxR9QRmNT7/X3/i-PPzWg53-X3.jpg,10/4/18,Portland,Maine,Empire,Canon EOS 80D,,,Trawl,Division North,Objet,,,,,,,,,,,,,,,,,
Herd Flock 3,https://photos.smugmug.com/photos/i-Wbt5tGG/0/KFmpNvJWLbmTn5kbFXHtJNZZ3vgjgMPCsFhCj6NzL/X2/i-Wbt5tGG-X2.jpg,9/1/18,Richmond,Maine,Lilly Compound,,,,,,,,,,,,,,,,,,,,,,,
In Yo Face Tour 2018,https://photos.smugmug.com/photos/i-KThNgCf/0/NJVhxfcKnQrKzBQJwkXndfFNMSTFtLsMBC8LxpQVM/XL/i-KThNgCf-XL.jpg,7/14/18,Brunswick,Maine,O'Donoghues Pub,,,,,,,,,,,,,,,,,,,,,,,
17th Annual Windham Tattoo Appreciation Party,https://photos.smugmug.com/photos/i-Th7LLR7/0/L83XNKLx25gdXLQ5XN8DMHXDtQpdTK44qHw9tfDbP/XL/i-Th7LLR7-XL.png,6/30/18,Casco,Maine,Dave's Place,,,,,,,,,,,,,,,,,,,,,,,
Fozzy w/ Guests 2018,,4/7/18,Portland,Maine,Aura,,,,,,,,,,,,,,,,,,,,,,,
Conrad's Birthday Bash - Night 1,https://photos.smugmug.com/photos/i-268z6P5/0/KkB7dmDx798wtrtRMhtg84c9nn6DfDfccZLKbq56t/L/i-268z6P5-L.jpg,3/30/18,Westbrook,Maine,Live @ 212,,,,,,,,,,,,,,,,,,,,,,,
Quansigamog 475 Hogfest 2018,https://photos.smugmug.com/photos/i-TcrdSLD/0/NBnX7qjrSWPGZL4skGH2SzfC4WxFtqGLQJwGdvT8j/M/i-TcrdSLD-M.jpg,2/17/18,Bath,Maine,Bath Legion Hall,,,,,,,,,,,,,,,,,,,,,,,
Reunion At Genos,https://photos.smugmug.com/photos/i-5XF32gz/0/LRJk5xw8DDmz8FMb4sPFSGPj2J8Sj5sS6GJNnNTdb/X2/i-5XF32gz-X2.jpg,2/10/18,Portland,Maine,Geno's Rock Club,,,,,,,,,,,,,,,,,,,,,,,
Music at the Cage 2018,https://photos.smugmug.com/photos/i-7g4G5fZ/0/L5wDN5BpHNqkvpzVzVMT9rh3PGbppFdQmDr8zsrcs/Th/i-7g4G5fZ-Th.jpg,1/13/18,Lewiston,Maine,LA Cage,,,,,,,,,,,,,,,,,,,,,,,
Senator Baxter Benefit,https://photos.smugmug.com/photos/i-TcrdSLD/0/NBnX7qjrSWPGZL4skGH2SzfC4WxFtqGLQJwGdvT8j/M/i-TcrdSLD-M.jpg,11/17/17,Bath,Maine,Bath Legion Hall,,,,,,,,,,,,,,,,,,,,,,,
Mushroomhead / Ventana & Guests,https://photos.smugmug.com/photos/i-nMf2FSp/0/NV7qXBmjM8hpD3Fpfk9j5H3kScQqNQpDpTPNG694K/M/i-nMf2FSp-M.jpg,10/23/17,Auburn,Maine,Sapphire Night Club,,,,,,,,,,,,,,,,,,,,,,,
Local Music Earth 4,https://photos.smugmug.com/photos/i-jPP5z2c/0/M7tQTmzs4PNr4PwfnPx5jkfJVTrcdgMXcvzckrBCT/X2/i-jPP5z2c-X2.jpg,9/15/17,Auburn,Maine,Sapphire Night Club,,,,,,,,,,,,,,,,,,,,,,,
Fred 332's Birthday Bash,https://photos.smugmug.com/photos/i-4dsPhH7/0/KJ5BJTkCjZThNvNFXP23rJJDg6qRnCNFdDnctMtQc/L/i-4dsPhH7-L.jpg,8/25/17,Westbrook,Maine,Live @ 212,,,,,,,,,,,,,,,,,,,,,,,
Rock Revival in Augusta,https://photos.smugmug.com/photos/i-p7HvMTL/0/M4R7zTdLVfcXtLbphKc9hvBCG7sGXZ83Z5zLKT5xs/X2/i-p7HvMTL-X2.jpg,7/15/17,Augusta,Maine,Shenanigan's,,,,,,,,,,,,,,,,,,,,,,,
Rockfest 2,https://photos.smugmug.com/photos/i-7vmZvvb/0/KVqcczqjcwvH8cv4DQc7VNvDPz9PS4LxQ5tSc7khs/X2/i-7vmZvvb-X2.jpg,6/3/17,Acton,Maine,Iron Tails Saloon,,,,,,,,,,,,,,,,,,,,,,,
Stillborn Condition w/ Guests 2017,https://photos.smugmug.com/photos/i-cpXRgtk/0/MNwv8LK6cJCwQWzWm44xfNsk3dR6HMcpmJwCHdj4m/X2/i-cpXRgtk-X2.jpg,5/13/17,Westbrook,Maine,Live @ 212,,,,,,,,,,,,,,,,,,,,,,,
Threatpoint / Objet / WMA / Pariah,https://photos.smugmug.com/photos/i-gJwNzk7/0/M3393zw4HLNrsrdCxXxqc9hQsgkdkVqpHScGV9pxh/X2/i-gJwNzk7-X2.jpg,4/22/17,Lewiston,Maine,Acme Social Club,,,,,,,,,,,,,,,,,,,,,,,
Rock For Brady Benefit,https://photos.smugmug.com/photos/i-t3qgV9h/0/Ndwb2Xxm5tSqznSzvMJ3B99jDqHhwF2MDfzBMVrqT/L/i-t3qgV9h-L.jpg,4/14/17,Bath,Maine,Riverside,,,,,,,,,,,,,,,,,,,,,,,
Port City @ The Cage,https://photos.smugmug.com/photos/i-CFDKpkW/0/LvdFtLCkN2xgXdf2bDD9PtQfP9SrsntJQN5mFkcVT/M/i-CFDKpkW-M.jpg,3/25/17,Lewiston,Maine,LA Cage,,,,,,,,,,,,,,,,,,,,,,,
Quansigamog 475 Hogfest 2017,https://photos.smugmug.com/photos/i-TcrdSLD/0/NBnX7qjrSWPGZL4skGH2SzfC4WxFtqGLQJwGdvT8j/M/i-TcrdSLD-M.jpg,2/25/17,Bath,Maine,Bath Legion Hall,,,,,,,,,,,,,,,,,,,,,,,
Port City Metal Show 2017,https://photos.smugmug.com/photos/i-ZS2W2Hc/0/LkmkkJ6PrhQgKMzrBt2xZxSm8xnCvhLjmtg6SWVTH/X2/i-ZS2W2Hc-X2.jpg,2/24/17,Westbrook,Maine,Live @ 212,,,,,,,,,,,,,,,,,,,,,,,
2nd Annual Benefit for Ann Bisson-Day,https://photos.smugmug.com/photos/i-P48mdJQ/0/KmPrjtQqT3VcP4NX7xZqXK5ZHHJMxCpHgmrVsjN5c/L/i-P48mdJQ-L.png,1/21/17,Topsham,Maine,American Legion Hall Post 202,,,,,,,,,,,,,,,,,,,,,,,
LA Cage Metal Bash,,1/14/17,Lewiston,Maine,LA Cage,,,,,,,,,,,,,,,,,,,,,,,
Metal Chaos @ 212,https://photos.smugmug.com/photos/i-tcb6Rcx/0/KkrMwRK8nbTBV4SVhGJNSGXHhnBMh3cFBJBqQdmRx/X2/i-tcb6Rcx-X2.jpg,11/19/16,Westbrook,Maine,Live @ 212,,,,,,,,,,,,,,,,,,,,,,,
Wayland w/ Guests,https://photos.smugmug.com/photos/i-8JrxvPB/0/NCcRTxMHk74cLhtm2d8cMgn3vTm432zFdGzmkxMR9/X2/i-8JrxvPB-X2.jpg,11/4/16,Bath,Maine,Riverside,,,,,,,,,,,,,,,,,,,,,,,
Fall Metal Mayhem,https://photos.smugmug.com/photos/i-pC5sFgD/0/MgG6MtXg4Jbh2RkLZGJFqCbMDNpK9vNCQJRtQz37N/X2/i-pC5sFgD-X2.jpg,10/1/16,Lewiston,Maine,LA Cage,,,,,,,,,,,,,,,,,,,,,,,
End of Summer Metal Bash 2016,https://photos.smugmug.com/photos/i-T6tRfVz/0/K4XHLSwCSnp3rNfGGs4PcV9N82FDzQjMLbvBfrQQC/X2/i-T6tRfVz-X2.jpg,8/27/16,Westbrook,Maine,Live @ 212,,,,,,,,,,,,,,,,,,,,,,,
Rise Above Fest 2016,https://photos.smugmug.com/photos/i-CjpQ7KH/0/KL6sVQJ7xGZSqt6MnQCVtHZ6NPSbWGmcVfCG5H9R2/X2/i-CjpQ7KH-X2.jpg,8/6/16,Bangor,Maine,Darling's Waterfront Pavilion,,,,,,,,,,,,,,,,,,,,,,,
202 Summer Jam,https://photos.smugmug.com/photos/i-tjZ7rPB/0/MngPWFKhhDLNgrXzwMstvQvsWXNbkcFWkLsW9Q2tx/M/i-tjZ7rPB-M.jpg,7/16/16,Topsham,Maine,American Legion Hall Post 202,,,,,,,,,,,,,,,,,,,,,,,
Last Kave Show 2016,https://photos.smugmug.com/photos/i-tjRx8jC/0/L89T7qf2CVq2xWtjt43qnCvxtrqG9rRSnbkmQfcN6/X2/i-tjRx8jC-X2.jpg,6/25/16,Bucksport,Maine,The Kave,,,,,,,,,,,,,,,,,,,,,,,
Summer Pig Roast/Benefit for Plan Ahead Entetainment,https://photos.smugmug.com/photos/i-T85pgrP/0/LtbHBLRZBXmpDZk9RVFWbSSPkcHrKMcZP48SStNtH/L/i-T85pgrP-L.jpg,6/18/16,Dresden,Maine,Private Home,,,,,,,,,,,,,,,,,,,,,,,
Acoustified Listening Party,,6/11/16,Lisbon Falls,Maine,Railroad Diner,,,,,,,,,,,,,,,,,,,,,,,
Rockfest 1,https://photos.smugmug.com/photos/i-bkZMQPx/0/LsM2rrLNjCqCvHZ5cpQ5mpv3WBN83kPfT9DTnzG5r/X3/i-bkZMQPx-X3.jpg,6/4/16,Acton,Maine,Iron Tails Saloon,,,,,,,,,,,,,,,,,,,,,,,
Benefit For Joey Lamothe,https://photos.smugmug.com/photos/i-4fPfjgp/0/L4vkqkxVFC3XbzksB2z9BnfghrqRHdrC4hHM33DC8/L/i-4fPfjgp-L.jpg,5/29/16,Auburn,Maine,Sapphire Night Club,,,,,,,,,,,,,,,,,,,,,,,
Loki / Spidermilk / Twin Grizzly / Uncertainty,https://photos.smugmug.com/photos/i-GsJtNKX/0/Ksn8389Fh2Ffc644fkcCx5cZt75XzfkmZ3PGv7VMJ/X2/i-GsJtNKX-X2.jpg,5/14/16,Westbrook,Maine,Live @ 212,,,,,,,,,,,,,,,,,,,,,,,
Lamb Of God / Clutch / COC,,5/9/16,Portland,Maine,State Theater,,,,,,,,,,,,,,,,,,,,,,,
Spring Metal Fest,https://photos.smugmug.com/photos/i-JSst7Ls/0/LLgmGP3JqXJMdg8v2zVWHFzB3MBgTKCVnR56c48nQ/X2/i-JSst7Ls-X2.jpg,4/30/16,Westbrook,Maine,Live @ 212,,,,,,,,,,,,,,,,,,,,,,,
Sidecar Radio Returns - One Night Only,https://photos.smugmug.com/photos/i-vFBjtzz/0/MHK6ksQ7tDWTsCBM3hrHT4DsjbLmFVMWHRKSghxsR/X2/i-vFBjtzz-X2.jpg,4/29/16,Portland,Maine,Portland House of Music and Events,,,,,,,,,,,,,,,,,,,,,,,
Burning Time CD Release Party 2016,https://photos.smugmug.com/photos/i-j9XKD2q/0/MBRhJ4SGbLr9fhHsvNRFRfCDTNqCxDJ96WFPfw4Kf/X2/i-j9XKD2q-X2.jpg,4/16/16,Old Orchard Beach,Maine,Jimmy the Greek's,,,,,,,,,,,,,,,,,,,,,,,
Funnel @ Riverside 2016,,4/15/16,Bath,Maine,Riverside,,,,,,,,,,,,,,,,,,,,,,,
Benefit for Linda Cyr,https://photos.smugmug.com/photos/i-ZSbtLDP/0/MKLLv25LkrtnkSggN6mq4hhphXjjvB7GRm8qjp9XC/L/i-ZSbtLDP-L.jpg,3/26/16,Bath,Maine,Riverside,,,,,,,,,,,,,,,,,,,,,,,
Carnivora w/ Guests 2016,https://photos.smugmug.com/photos/i-kcSxxHH/0/LkqVkhSfh3j6pf7WdjztrksVTXNMHXx2wZffgQH4q/M/i-kcSxxHH-M.jpg,3/19/16,Westbrook,Maine,Live @ 212,,,,,,,,,,,,,,,,,,,,,,,
Fuel The Arts Kickoff Party 2016,https://photos.smugmug.com/photos/i-hNPGFbh/0/MJBX96gs8TMb8SJtbfTsF8WhFn6kRWk8f53FpvLGx/L/i-hNPGFbh-L.jpg,3/17/16,Lewiston,Maine,Ramada Inn,,,,,,,,,,,,,,,,,,,,,,,
Rick Servidio's Birthday Bash 2016,https://photos.smugmug.com/photos/i-5n984KS/0/MhmF5qMzF9nGC6ZXCqjnDpk4gvTHhJmMxk2BnhTmt/X3/i-5n984KS-X3.jpg,3/11/16,Auburn,Maine,Sapphire Night Club,,,,,,,,,,,,,,,,,,,,,,,
Quansigamog 475 Hogfest 2016,https://photos.smugmug.com/photos/i-F6kKgPN/0/MZ3zCzMkxNq8RWvtHhwHtm8MSWBtZkcpkDR3NW68C/X2/i-F6kKgPN-X2.jpg,2/20/16,Bath,Maine,Bath Legion Hall,,,,,,,,,,,,,,,,,,,,,,,
Trial By Stone / ITKOS / Culling the Herd 2016,https://photos.smugmug.com/photos/i-fC2Dn7J/0/MG5XzDnWvJ5QccZNGqGHZCPr7wMsL7DgZjb5FGbKw/X2/i-fC2Dn7J-X2.jpg,2/13/16,Lewiston,Maine,Acme Social Club,,,,,,,,,,,,,,,,,,,,,,,
Bekka Madore's Birthday Bash 2016,https://photos.smugmug.com/photos/i-zH6gps3/0/Nf6CDMNZr5fVpLk3mzqmKbxcwk5WhGj53nP9xkZqn/S/i-zH6gps3-S.jpg,1/30/16,Lewiston,Maine,Acme Social Club,,,,,,,,,,,,,,,,,,,,,,,
1st Annual Benefit for Ann Bisson-Day,https://photos.smugmug.com/photos/i-qjp6M5C/0/MBBFsCKfzD9XxkV8d254GFP9KTmzxWxsk4PRZt5VD/X2/i-qjp6M5C-X2.jpg,1/23/16,Topsham,Maine,American Legion Hall Post 202,,,,,,,,,,,,,,,,,,,,,,,
Trial By Stone w/ Guests 2016,https://photos.smugmug.com/photos/i-sc6386J/0/M3TJpx8xbGX74kHWNrrFBMmzVfhKpsTb9d3h9x36v/X2/i-sc6386J-X2.jpg,1/16/16,Westbrook,Maine,Live @ 212,,,,,,,,,,,,,,,,,,,,,,,
BTF / STN / Break the Skin 2015,https://photos.smugmug.com/photos/i-8DK4jXx/0/LwVNJgbmNT9MWHnJSkkM7qds3nv8C4tzGtVNPr5m7/X2/i-8DK4jXx-X2.jpg,12/5/15,Lewiston,Maine,LA Cage,,,,,,,,,,,,,,,,,,,,,,,
Twin Grizzly w/ Guests 2015,https://photos.smugmug.com/photos/i-LwWVJK3/0/NcqxttLgCKZFkvpLG2CpKfHVKdwWL7MBm9sXgC3JG/X2/i-LwWVJK3-X2.jpg,11/25/15,Portland,Maine,Matthew's Pub,,,,,,,,,,,,,,,,,,,,,,,
Threatpoint / WMA / ATP,https://photos.smugmug.com/photos/i-85WN3Mj/0/NZDPXW7cP3xFksV7wTQNg7tH4kTNtZZrbKLMtkQND/L/i-85WN3Mj-L.jpg,11/20/15,Lewiston,Maine,LA Cage,,,,,,,,,,,,,,,,,,,,,,,
The Roast of Shawn Caron 2015,https://photos.smugmug.com/photos/i-hm4qQMP/0/KQMXFgGsD6xBv4BH2JZCBCNvDw8Vgz63QxQZmDQpB/M/i-hm4qQMP-M.jpg,10/24/15,Lewiston,Maine,Acme Social Club,,,,,,,,,,,,,,,,,,,,,,,
Uncle Jack / BTF / STN,https://photos.smugmug.com/photos/i-FTDCRqJ/0/M2ZjvwLFLCSPK397C3SxZ5QDh5WRkrmxQmGhSk4zF/X2/i-FTDCRqJ-X2.jpg,10/3/15,Augusta,Maine,Bridge Street Tavern,,,,,,,,,,,,,,,,,,,,,,,
Bath Rock/Metal Fest 2015,https://photos.smugmug.com/photos/i-kgW2Xm8/0/NVf6XGqMJkNkS65qkwz3C3VHC9nFZ52tHN6TMfcJ9/X2/i-kgW2Xm8-X2.jpg,9/26/15,Bath,Maine,Bath Legion Hall,,,,,,,,,,,,,,,,,,,,,,,
Noblefest 2015,https://photos.smugmug.com/photos/i-mSJfPcL/0/MRjgGX6g55XhkGC9fWV46D3prGjdMKf9bgstBqzZX/X2/i-mSJfPcL-X2.jpg,9/12/15,Lewiston,Maine,Acme Social Club,,,,,,,,,,,,,,,,,,,,,,,
Civil D w/ Guests 2015,https://photos.smugmug.com/photos/i-n2scvTQ/0/Lz8ZJGr9fjkbD4HS9sHS26NXkVBddRNhdzVkxmwp6/L/i-n2scvTQ-L.jpg,8/29/15,Augusta,Maine,Bridge Street Tavern,,,,,,,,,,,,,,,,,,,,,,,
End of Summer Bash,https://photos.smugmug.com/photos/i-vPPGcxB/0/NJPJMGc5zSGjWqMk6Hg5LVg7XFr7rT9wnPJJnjXF8/XL/i-vPPGcxB-XL.jpg,8/29/15,Lewiston,Maine,Private Home,,,,,,,,,,,,,,,,,,,,,,,
5th Annual Dark Rain BBQ,,8/23/15,Wiscasset,Maine,Dark Rain HQ,,,,,,,,,,,,,,,,,,,,,,,
Mountain View Music Fest,https://photos.smugmug.com/photos/i-dtwgCsj/0/KJPBrsZXDrrQN9FFBvt6K6DcwwBVggwh5svQZts2g/X2/i-dtwgCsj-X2.jpg,7/18/15,Dixfield,Maine,Mountain View Campground,,,,,,,,,,,,,,,,,,,,,,,
Leaving Eden / Lights Out / Notyetlost,https://photos.smugmug.com/photos/i-StZVD4k/0/MnW8jMZLFpSGfpNbvgrrw9wsGDkmCsJhZ2NSbhhFX/X2/i-StZVD4k-X2.jpg,7/4/15,Salisbury Beach,Massachusetts,Uncle Eddie's,,,,,,,,,,,,,,,,,,,,,,,
Khaos at the Kave,https://photos.smugmug.com/photos/i-hx7CGXG/0/LGNbS58VNBSzn5DCGfg7qzb2QwFDdJzTCZkWQSrWM/L/i-hx7CGXG-L.jpg,6/27/15,Bucksport,Maine,The Kave,,,,,,,,,,,,,,,,,,,,,,,
Dempsey Cancer Benefit Show 2015,https://photos.smugmug.com/photos/i-GmGKM9V/0/KhxbZLVbCfWh6PGC9fLhKrwM5F4cQVJBrkGpsMsvj/L/i-GmGKM9V-L.jpg,6/20/15,Biddeford,Maine,Champions Sports Bar,,,,,,,,,,,,,,,,,,,,,,,
Dead Season / Break The Skin 2015,https://photos.smugmug.com/photos/i-Knp3Kpr/0/MzT8cg5wBZPzCKQXL7KNjpQ895HQKD82QTxdN53H2/X2/i-Knp3Kpr-X2.jpg,6/19/15,Gray,Maine,White's Cue Connection,,,,,,,,,,,,,,,,,,,,,,,
Summer Concert Series 2015,https://photos.smugmug.com/photos/i-dFqKx9z/0/MbD5wMqSfhxrPdwPJ3ckJ4LptQpPMBnVBcPv4nnmq/X2/i-dFqKx9z-X2.jpg,6/6/15,Westbrook,Maine,Live @ 212,,,,,,,,,,,,,,,,,,,,,,,
Burning Time / Venndetta / 13 High 2015,,5/30/15,Biddeford,Maine,Champions Sports Bar,,,,,,,,,,,,,,,,,,,,,,,
Kamikaze Angel CD Release Party,https://photos.smugmug.com/photos/i-MXpvmG3/0/LbHpsRvB9tFKjL8nmMQKhvpzksZFpPrfhQNKSppgv/X2/i-MXpvmG3-X2.jpg,5/23/15,Portland,Maine,Asylum,,,,,,,,,,,,,,,,,,,,,,,
13 High / Civil D 2015,https://photos.smugmug.com/photos/i-FXMgjCb/0/M9CbjcqWpJXPGBd9XzfqJdvb9xMVJn8HFxPKw7gLn/L/i-FXMgjCb-L.jpg,5/22/15,Bath,Maine,Riverside,,,,,,,,,,,,,,,,,,,,,,,
Octobrists w/ Guests @ Flask,https://photos.smugmug.com/photos/i-t3X5cs9/0/LK6RvXj9Px84KHkcnk6V3LNGb6SQ9MxdnmnDMtCDs/M/i-t3X5cs9-M.jpg,5/20/15,Portland,Maine,Flask Lounge,,,,,,,,,,,,,,,,,,,,,,,
Rise Above Fest 2015,https://photos.smugmug.com/photos/i-wFxdgwX/0/MRMrG4gKHLNc7FXHMrhQMSJSX57KKNxgnDt45b6s5/X2/i-wFxdgwX-X2.jpg,5/9/15,Bangor,Maine,Darling's Waterfront Pavilion,,,,,,,,,,,,,,,,,,,,,,,
Widow Sunday w/ Guests 2015,https://photos.smugmug.com/photos/i-P99hNzM/0/MSfgZ89ZGc7Xqfmg5sCVdVQtFxD3gZM4bJrHFKKWN/L/i-P99hNzM-L.jpg,4/25/15,Lewiston,Maine,Acme Social Club,,,,,,,,,,,,,,,,,,,,,,,
Fifth Freedom / The Resistance / Arta'sin 2015,https://photos.smugmug.com/photos/i-T8VgKd8/0/LLwtgbwNW3H7n8h2jfXzBnQFTFNNszdwQv538wz9h/X2/i-T8VgKd8-X2.jpg,4/11/15,Augusta,Maine,Bridge Street Tavern,,,,,,,,,,,,,,,,,,,,,,,
School of Rock Concert,,4/4/15,Hallowell,Maine,Hall-Dale High School,,,,,,,,,,,,,,,,,,,,,,,
Voices of the Dead/ATP w/ Guests,https://photos.smugmug.com/photos/i-7BZtqhb/0/Ndh4cdm6qB7WCv83St83MCjjD4wJRGBrpdxQkvnZd/X2/i-7BZtqhb-X2.jpg,3/28/15,Lewiston,Maine,Acme Social Club,,,,,,,,,,,,,,,,,,,,,,,
Fuel The Arts Kickoff Party 2015,https://photos.smugmug.com/photos/i-XjqRvkK/0/LvCVgSHt2L93wt7HCmJ6WJmMDKK9jNWJTmSJTMP44/L/i-XjqRvkK-L.jpg,3/19/15,Lewiston,Maine,Ramada Inn,,,,,,,,,,,,,,,,,,,,,,,
The Eternal Night,,2/28/15,Durham,Maine,Amvets Post 13,,,,,,,,,,,,,,,,,,,,,,,
Battle of the Titans 2015,https://photos.smugmug.com/photos/i-qsPDgRN/0/M3dm2Bs65zpkx37Wf9DXMfF7dhRNpk8RcbSjpNJnr/L/i-qsPDgRN-L.jpg,2/26/15,Lewiston,Maine,Franco Center,,,,,,,,,,,,,,,,,,,,,,,
Quansigamog 475 Hogfest 2015,https://photos.smugmug.com/photos/i-TcrdSLD/0/NBnX7qjrSWPGZL4skGH2SzfC4WxFtqGLQJwGdvT8j/M/i-TcrdSLD-M.jpg,2/21/15,Bath,Maine,Bath Legion Hall,,,,,,,,,,,,,,,,,,,,,,,
January Thrash Bash 2015,,1/31/15,Durham,Maine,Amvets Post 13,,,,,,,,,,,,,,,,,,,,,,,
Ruckus w/ Guests 2014,,12/20/14,Augusta,Maine,Bridge Street Tavern,,,,,,,,,,,,,,,,,,,,,,,
December Breakdown 2014,,12/13/14,Durham,Maine,Amvets Post 13,,,,,,,,,,,,,,,,,,,,,,,
Threatpoint w/ Guests 2014,,11/8/14,Lewiston,Maine,LA Cage,,,,,,,,,,,,,,,,,,,,,,,
Hallobash 2014,,10/25/14,Biddeford,Maine,Champions Sports Bar,,,,,,,,,,,,,,,,,,,,,,,
Fifth Freedom w/ Guests 2014,,10/18/14,Augusta,Maine,Bridge Street Tavern,,,,,,,,,,,,,,,,,,,,,,,
STN / Carolina Burn w/ Guests,,10/10/14,Portland,Maine,Asylum,,,,,,,,,,,,,,,,,,,,,,,
Starset / Devil You Know / Lacuna Coil / Leaving Eden,,10/5/14,Portland,Maine,Asylum,,,,,,,,,,,,,,,,,,,,,,,
Quansigamog End of Year Party 2014,,9/20/14,Edgecomb,Maine,Edgecomb Disc Golf Course,,,,,,,,,,,,,,,,,,,,,,,
The Secret of Esrever CD Release Party,https://photos.smugmug.com/photos/i-zgxtrNC/0/MHrPPv9PwhhHsGLzPqSfFNJdp5qq9wqdn6vWdwBh4/X2/i-zgxtrNC-X2.jpg,8/30/14,Biddeford,Maine,Champions Sports Bar,,,,,,,,,,,,,,,,,,,,,,,
13 High w/ Guests 2014,,8/29/14,Bath,Maine,Riverside,,,,,,,,,,,,,,,,,,,,,,,
Mushroomhead & Ill Nino w/ Guests,,7/28/14,Auburn,Maine,Club Texas,,,,,,,,,,,,,,,,,,,,,,,
Losing September / Fates Last Fight / Dark Rain - Round 2,,7/13/14,Manchester,New Hampshire,Mad Bob's Saloon,,,,,,,,,,,,,,,,,,,,,,,
Losing September / Fates Last Fight / Dark Rain - Round 1,,7/11/14,Portland,Maine,Matthew's Pub,,,,,,,,,,,,,,,,,,,,,,,
Threat Signal at the Kave,,6/22/14,Bucksport,Maine,The Kave,,,,,,,,,,,,,,,,,,,,,,,
Dempsey Cancer Benefit Show 2014,,6/21/14,Portland,Maine,Asylum,,,,,,,,,,,,,,,,,,,,,,,
13 High w/ Misgyded 2014,,6/14/14,Biddeford,Maine,Champions Sports Bar,,,,,,,,,,,,,,,,,,,,,,,
Civil D w/ Guests 2014,,6/6/14,Bath,Maine,Riverside,,,,,,,,,,,,,,,,,,,,,,,
13 HigH @ Carousel Lounge 2014,,5/24/14,Salisbury Beach,Massachusetts,Carousel Lounge,,,,,,,,,,,,,,,,,,,,,,,
LOTO / 13 High / Two Forty Gordy 2014,,5/23/14,Buxton,Maine,Skip's Lounge,,,,,,,,,,,,,,,,,,,,,,,
Fifth Freedom / Beyond the Fall / Loki 2014,,5/18/14,Augusta,Maine,Bridge Street Tavern,,,,,,,,,,,,,,,,,,,,,,,
Rise Above Fest 2014,,5/10/14,Bangor,Maine,Darling's Waterfront Pavilion,,,,,,,,,,,,,,,,,,,,,,,
Dillinger Escape Plan @ Pub Rock,,4/27/14,Scottsdale,Arizona,Pub Rock,,,,,,,,,,,,,,,,,,,,,,,
Alan Jones Acoustic 2014,,1/23/14,Augusta,Maine,Bridge Street Tavern,,,,,,,,,,,,,,,,,,,,,,,
Kris Hype Acoustic 2014,,1/16/14,Augusta,Maine,Bridge Street Tavern,,,,,,,,,,,,,,,,,,,,,,,
Rolling Rock Concert Series 2014,,1/4/14,Westbrook,Maine,Live @ 212,,,,,,,,,,,,,,,,,,,,,,,
Loki / Fifth Freedom / The Resistance 2013,,12/21/13,Auburn,Maine,Club Texas,,,,,,,,,,,,,,,,,,,,,,,
13 HigH w/ Guests 2013,,12/13/13,Bath,Maine,Riverside,,,,,,,,,,,,,,,,,,,,,,,
Dave Osborne Band @ J&Bs,,11/23/13,Waterville,Maine,J&Bs,,,,,,,,,,,,,,,,,,,,,,,
Breakthrough w/ Render 2013,,11/9/13,Augusta,Maine,Bridge Street Tavern,,,,,,,,,,,,,,,,,,,,,,,
Gorefest 2013,,10/26/13,Bucksport,Maine,The Kave,,,,,,,,,,,,,,,,,,,,,,,
Loki / Fifth Freedom / Afterblack 2013,,10/19/13,Augusta,Maine,Bridge Street Tavern,,,,,,,,,,,,,,,,,,,,,,,
First Jason/Ari Lehman w/ Guests,,10/13/13,Auburn,Maine,Club Texas,,,,,,,,,,,,,,,,,,,,,,,
Nobis / ATP / Sinfist 2013,,9/28/13,Augusta,Maine,Bridge Street Tavern,,,,,,,,,,,,,,,,,,,,,,,
Beyond the Fall w/ VennDetta 2013,,9/13/13,Bath,Maine,Riverside,,,,,,,,,,,,,,,,,,,,,,,
Monsters of Local Rock,https://photos.smugmug.com/photos/i-gC89Vpq/0/Mh9q7pLckv6vVFg5w7NPzvdbSDW7bT9P4453HzDRx/X2/i-gC89Vpq-X2.jpg,8/17/13,Lewiston,Maine,Colisee,,,,,,,,,,,,,,,,,,,,,,,
13 High / Breakthrough / Heart Shaped Rock 2013,,7/26/13,Rockland,Maine,Time Out Pub,,,,,,,,,,,,,,,,,,,,,,,
Mayhem Fest,,7/17/13,Bangor,Maine,Bangor State Fairgrounds,,,,,,,,,,,,,,,,,,,,,,,
Fifth Freedom / Sinfist / Breakthrough 2013,,7/13/13,Augusta,Maine,Bridge Street Tavern,,,,,,,,,,,,,,,,,,,,,,,
Stone Sour / In This Moment / Hell or Highwater,,4/2/13,Portland,Maine,State Theater,,,,,,,,,,,,,,,,,,,,,,,
Alan Jones Acoustic 2013,,2/28/13,Augusta,Maine,Bridge Street Tavern,,,,,,,,,,,,,,,,,,,,,,,
Sevendust / Lacuna Coil / Avatar,,2/7/13,Portland,Maine,Asylum,,,,,,,,,,,,,,,,,,,,,,,
Bam Margera-Fuckface Unstoppable w/ Guests,,11/9/12,Portland,Maine,Asylum,,,,,,,,,,,,,,,,,,,,,,,
Dead Season @ Port City 2012,,10/27/12,Portland,Maine,Port City Music Hall,,,,,,,,,,,,,,,,,,,,,,,
Benefit for Connie Bellao,,9/29/12,Biddeford,Maine,Champions Sports Bar,,,,,,,,,,,,,,,,,,,,,,,
Prospect Hill / PM5K & Guests,,9/27/12,Portland,Maine,Asylum,,,,,,,,,,,,,,,,,,,,,,,
Rock & Tattoo Convention Show - Day 2,,9/22/12,Lewiston,Maine,Colisee,,,,,,,,,,,,,,,,,,,,,,,
Rock & Tattoo Convention Show - Day 1,,9/21/12,Lewiston,Maine,Colisee,,,,,,,,,,,,,,,,,,,,,,,
Loki w/ Sound & Vice 2012,,9/14/12,Augusta,Maine,Bridge Street Tavern,,,,,,,,,,,,,,,,,,,,,,,
AWOLNation w/ Imagine Dragons,,9/10/12,Portland,Maine,State Theater,,,,,,,,,,,,,,,,,,,,,,,
Oxxfest 2012,,8/10/12,Scarborough,Maine,Scarborough Fairgrounds,,,,,,,,,,,,,,,,,,,,,,,
Beyond the Fall / 13 High @ Asylum 2012,,8/4/12,Portland,Maine,Asylum,,,,,,,,,,,,,,,,,,,,,,,
Mindset X w/ Guests 2012,,7/27/12,Auburn,Maine,Club Texas,,,,,,,,,,,,,,,,,,,,,,,
ATP @ Club Texas 2012,,7/20/12,Auburn,Maine,Club Texas,,,,,,,,,,,,,,,,,,,,,,,
Dust N Bones w/ 13 High,,7/13/12,Bath,Maine,Riverside,,,,,,,,,,,,,,,,,,,,,,,
Ackers Acres 10th Anniversary Show,,6/23/12,Bowdoinham,Maine,Acker's Acres,,,,,,,,,,,,,,,,,,,,,,,
13 High w/ Guests 2012,,6/22/12,Auburn,Maine,Club Texas,,,,,,,,,,,,,,,,,,,,,,,
Infinity Tattoo Appreciation Party,,6/9/12,Standish,Maine,Infinity Tattoo Shop,,,,,,,,,,,,,,,,,,,,,,,
Widow Sunday w/ Guests 2012 - Round 2,,6/8/12,Auburn,Maine,Club Texas,,,,,,,,,,,,,,,,,,,,,,,
Cougar Bait w/ Guests 2012,,6/1/12,Portland,Maine,Racks,,,,,,,,,,,,,,,,,,,,,,,
13 High @ The Asylum 2012,,5/21/12,Portland,Maine,Asylum,,,,,,,,,,,,,,,,,,,,,,,
Kittie with Guests,,5/20/12,Auburn,Maine,Club Texas,,,,,,,,,,,,,,,,,,,,,,,
Dead Season w/ Guests 2012 - Round 2,,5/19/12,Woolwich,Maine,Montsweag Roadhouse,,,,,,,,,,,,,,,,,,,,,,,
Dead Season / 13 High / Sinfist 2012,,5/5/12,Naples,Maine,Doc's Saloon,,,,,,,,,,,,,,,,,,,,,,,
Prospect Hill w/ Guests 2012,,5/4/12,Portland,Maine,Asylum,,,,,,,,,,,,,,,,,,,,,,,
Soulfly w/ Guests,,4/26/12,Portland,Maine,Asylum,,,,,,,,,,,,,,,,,,,,,,,
Benefit for Danzilla Roy,,4/21/12,Brunswick,Maine,Raven's Roost,,,,,,,,,,,,,,,,,,,,,,,
Dead Season w/ Guests 2012 - Round 1,,4/13/12,Woolwich,Maine,Montsweag Roadhouse,,,,,,,,,,,,,,,,,,,,,,,
Benefit for Jason Gilliam,,4/6/12,Bath,Maine,Bath Legion Hall,,,,,,,,,,,,,,,,,,,,,,,
Beyond The Fall CD Release Party,https://photos.smugmug.com/photos/i-NgHffDL/0/KL5RMTDj4R5NS7bH77fVDdS5L3VwLSGgWjJ4FS25q/X2/i-NgHffDL-X2.jpg,3/31/12,Auburn,Maine,Club Texas,,,,,,,,,,,,,,,,,,,,,,,
Motor Creeps / The Hollow Glow / 13 High,,3/10/12,Augusta,Maine,Bridge Street Tavern,,,,,,,,,,,,,,,,,,,,,,,
Widow Sunday w/ Guests 2012 - Round 1,,3/2/12,Auburn,Maine,Club Texas,,,,,,,,,,,,,,,,,,,,,,,
Eye Empire w/ Puddles of Joy,,3/1/12,Hampton Beach,New Hampshire,Wally's,,,,,,,,,,,,,,,,,,,,,,,
Chevelle / Middle Class Rut / Janus,,2/28/12,Portland,Maine,State Theater,,,,,,,,,,,,,,,,,,,,,,,
Breakthrough / BTF / 13 High 2012,,2/25/12,Biddeford,Maine,Champions Sports Bar,,,,,,,,,,,,,,,,,,,,,,,
Quansigamog 475 Hogfest 2012,https://photos.smugmug.com/photos/i-TcrdSLD/0/NBnX7qjrSWPGZL4skGH2SzfC4WxFtqGLQJwGdvT8j/M/i-TcrdSLD-M.jpg,2/18/12,Bath,Maine,Bath Legion Hall,,,,,,,,,,,,,,,,,,,,,,,
13 High / False Prophecy @ Montsweag 2012,,2/10/12,Woolwich,Maine,Montsweag Roadhouse,,,,,,,,,,,,,,,,,,,,,,,
13 High / False Prophecy @ Geno's,,1/14/12,Portland,Maine,Geno's Rock Club,,,,,,,,,,,,,,,,,,,,,,,
3rd Annual Rail Jam @ Sunday River,,12/31/11,Newry,Maine,Sunday River,,,,,,,,,,,,,,,,,,,,,,,
Toys for Tots Benefit,,12/17/11,Portland,Maine,Racks,,,,,,,,,,,,,,,,,,,,,,,
Dave VanSteemburg/WMPG Benefit,,12/16/11,Portland,Maine,Racks,,,,,,,,,,,,,,,,,,,,,,,
13 High 'Self-Titled' CD Release Party,,12/9/11,Woolwich,Maine,Montsweag Roadhouse,,,,,,,,,,,,,,,,,,,,,,,
13 High @ Asylum,,11/21/11,Portland,Maine,Asylum,,,,,,,,,,,,,,,,,,,,,,,
Jackfest II,,11/19/11,Auburn,Maine,Club Texas,,,,,,,,,,,,,,,,,,,,,,,
13 High's Halloween Show,,10/29/11,Portland,Maine,Racks,,,,,,,,,,,,,,,,,,,,,,,
13 High @ Racks,,10/22/11,Portland,Maine,Racks,,,,,,,,,,,,,,,,,,,,,,,
BreastFest,,10/15/11,Lewiston,Maine,Schemengee's Pub,,,,,,,,,,,,,,,,,,,,,,,
13 High / Ashen Gray / Rite as Reign,,10/7/11,Auburn,Maine,Club Texas,,,,,,,,,,,,,,,,,,,,,,,
Texas Hippie Coalition w/ Guests,,9/30/11,Auburn,Maine,Club Texas,,,,,,,,,,,,,,,,,,,,,,,
10 Years w/ The Vanityites and Loki,,9/14/11,Portland,Maine,Port City Music Hall,,,,,,,,,,,,,,,,,,,,,,,
13 High at Topsham Fair,,8/11/11,Topsham,Maine,Topsham Fairgrounds,,,,,,,,,,,,,,,,,,,,,,,
13 High / Fifth Freedom / Dark Rain,,7/8/11,Brunswick,Maine,O'Sheas,,,,,,,,,,,,,,,,,,,,,,,
Sidecar @ O'Sheas,,12/3/10,Brunswick,Maine,O'Sheas,,,,,,,,,,,,,,,,,,,,,,,
Sidecar Radio @ MJs,,3/15/09,Brunswick,Maine,MJs,,,,,,,,,,,,,,,,,,,,,,,
