band,smug_folder,region,logo_url,location,state,country,vox_1,vox_2,vox_3,guitar_1,guitar_2,guitar_3,bass,drum,keys,past_1,past_2,past_3,past_4,past_5,past_6,total_sets,sets_archive,status
13 High,13-High,Local,https://photos.smugmug.com/Music/Band-Logos/i-GM3r7V7/0/LSG3GbZK8Jn8HL2RVk2xB2mnM85TMwm3BXg93NScd/Th/13%20High-Th.jpg,Midcoast,Maine,,Donald Bowling,,,Eric Rector,Rich Yanok,,Bob Rox,Rikk Ashe,,Bobby Whitebear - Vox,Dom Boudreau - Vox,Chris Williams - Drums,,,,61,8,Inactive
3FD,3FD,Local,https://photos.smugmug.com/Music/Band-Logos/i-XcmVMQF/0/KVkbqX7GW9dhpdLSSz8vxR99fNtxXTWkXhdJXTZDJ/X2/3FD-X2.jpg,Midcoast,Maine,,Mel Rayajczyk,,,Scott Lebourdais,,,Walter Russell Jr,Charles Winters Jr,,Greg Waters - Vox,,,,,,6,6,Active
6-Gig,,Local,https://photos.smugmug.com/Music/Band-Logos/i-jXg87Hc/0/LHGwKTX4qspKcS7VBXndPVwMGQG757hpXL7VJwvT3/M/6-Gig-M.jpg,,Maine,,,,,,,,,,,,,,,,,,,N/A
A River of Trees,A-River-of-Trees,Local,https://photos.smugmug.com/Music/Band-Logos/i-HbvKFrV/0/MQRGgZNRm3nKkx4xCNv7s5KqXxwPMTj6thZdTgHZZ/X2/A%20River%20of%20Trees-X2.jpg,,Maine,,,,,,,,,,,,,,,,,1,1,Active
A Traitor's Pact,,Local,https://photos.smugmug.com/Music/Band-Logos/i-CKNVKsb/0/LgJkHMrdJDWRF25JkjGPsbBN2gbxJnwL8K7NX4Dj4/XL/A%20Traitor%27s%20Pact-XL.jpg,,Maine,,,,,,,,,,,,,,,,,,,N/A
Absence of the Sun,Absence-of-the-Sun,Local,https://photos.smugmug.com/Music/Band-Logos/i-j39NTr3/0/MV7cxTwRtrTBbjTsJ4XvfWsWL3kwqVNRLCjsjdrvL/S/Absence%20of%20the%20Sun-S.jpg,,Maine,,,,,,,,,,,,,,,,,2,2,Inactive
Acoustified,Acoustified,Local,https://photos.smugmug.com/Music/Band-Logos/i-PQJkT2p/0/K4wJX3zVsRWMpgFkMPqBcHntt3ctDwzm66QqX5Rbc/L/Acoustified-L.jpg,Auburn,Maine,,Jason Levasseur,,,Scott Lebourdais,,,Cameron Hill,Charlie Wing,,,,,,,,1,1,Inactive
Afterblack,Afterblack,Local,https://photos.smugmug.com/Music/Band-Logos/i-5PtmNNj/0/LcQjGLX7tXDgNLDWvSBVNLPDRxwphpkVgkvncNQhK/X2/Afterblack-X2.jpg,,Maine,,Lucas Cates,,,Bernie Roderick,,,Lance McKenzie,N/A,,,,,,,,2,2,Active
Alions,Alions,Local,https://photos.smugmug.com/Music/Band-Logos/i-fHWLWgV/0/LkcxQ3ZtCX7GcRXwgKs3FFhxkbK7q7mB43Wr3BZBC/XL/Alions-XL.jpg,Auburn,Maine,,John Wagoner,,,Alec Bonang,,,Jared Polley,Jesse Graham,,Isaac Karkos - Bass,Josh Ward - Bass,,,,,13,13,Inactive
All-Star Ensembles,All-Stars,Local,https://photos.smugmug.com/photos/i-DbRb63D/0/LcG8g33Sm79NVQ8zCmqxJsDwnqj8rqJzRXH6gd5gs/X2/i-DbRb63D-X2.png,,Maine,,,,,,,,,,,,,,,,,1,1,Active
Alter The Tides,Alter-The-Tides,Local,https://photos.smugmug.com/Music/Band-Logos/i-zDvGGj2/0/NBQ27Wsz3Zz3T6rWcV482SxDsjfkh27mQqSnRrnHm/M/Alter%20The%20Tides-M.png,Durham,Maine,,John Wagoner,,,Travis Foster,Jake Washburn,,Sam Gilbert,Kelly Banks,,Nick Owen,,,,,,11,2,Inactive
Amanita,Amanita,Local,https://photos.smugmug.com/Music/Band-Logos/i-3dL8kfD/0/LPDQgzSHrGKZdQCJ5ShrWcgTrwkfZCqk8vWz2Pgmq/M/Amanita-M.jpg,Southern,Maine,,Brady Libby,,,N/A,N/A,,N/A,N/A,,,,,,,,1,1,Active
American Ride,American-Ride,Local,https://photos.smugmug.com/Music/Band-Logos/i-hnBMXdW/0/KSQm3cqBdktjD8bmZ8vfmwd5TLFH8WjjzWd7GPVDZ/X2/American%20Ride-X2.jpg,Southern,Maine,,Shawn Theriault,Eric Mauriello,,Shawn Theriault,Eric Mauriello,,,,,,,,,,,1,1,Inactive
Among Shadows,Among-Shadows,Local,https://photos.smugmug.com/Music/Band-Logos/i-fWBP2sT/0/LF28tqDzLhNZgZ4T8djJr5QfLMHnTCfNgZ4xQkF7d/M/Among%20Shadows-M.png,N/A,Maine,,Andrew Phelps,,,Tyler Smith,,,Matt Baptiste,Chris Baptiste,,,,,,,,1,1,Inactive
Anatomy of a Thief,Anatomy-of-a-Thief,Local,https://photos.smugmug.com/Music/Band-Logos/i-4kdTtbF/0/NhVsB8B2Q7vFLz2StNrdRBsv6KtDB8RRVsBpp7QtW/M/Anatomy%20of%20a%20Thief-M.jpg,Southern,Maine,,Dustin Ellis,,,Eric Bryant,Tristan Cox,,Thomas Hiscock,Trever Driscoll,,,,,,,,2,2,Active
Arta'sin,Artasin,Local,https://photos.smugmug.com/Music/Band-Logos/i-9xxWH27/0/NNnQJg6LjjmvQ22nM5scBZTMX69Bd5xMvh3MLPrmx/M/Arta%27Sin-M.jpg,Monmouth,Maine,,Rico Dustin,,,Brock Pare,Pat Lavallee,,Sean Rice,Caleb Card,,Greg Andews - Guitar,Izzy Everett - Guitar,,,,,11,11,Inactive
Ascent to Power,Ascent-to-Power,Local,https://photos.smugmug.com/Music/Band-Logos/i-hBxRmNx/0/NX8nPCFMf8LkzGxCds9pMFtJ29w8BjXwRnhpd4J8P/M/Ascent%20to%20Power-M.jpg,Lewiston-Auburn,Maine,,Rick Servidio,,,Brendon David,Shawn Castonguay,,Shane Farris,Mike Feeney,,Jay Beal - Guitar,Richard Ring - Guitar,Cory Caspray - Drums,Brandon Tardif - Drums,,,24,6,Active
Ashe Madness,Ashe-Madness,Local,https://photos.smugmug.com/Music/Band-Logos/i-PtSF9cb/0/MbKrbH69T3sH7NRtMbSFHVxtwPtRtLzkVzqZX5jJf/S/Ashe%20Madness-S.jpg,Midcoast,Maine,,Marcos Madness,,,Marcos Madness,,,Matt Nace,Rikk Ashe,,,,,,,,2,2,Inactive
Ashen Grey,Ashen-Grey,Local,https://photos.smugmug.com/Music/Band-Logos/i-mKTmsVz/0/LM98RHH956dBvGzQB4R3rkn8NfsSCRmStPbmBrh2m/M/Ashen%20Grey-M.jpg,Central,Maine,,Skot Pearson,,,Jake Laine,,,Adam Fortin,Josh Cyr,,,,,,,,1,1,Inactive
Audio Apocalypse,Audio-Apocalypse,Local,https://photos.smugmug.com/Music/Band-Logos/i-3HRFtg6/0/KgBLH8MtGw2GRg3bZKhsfNqphQWC7PSKDTKggGXP8/X2/Audio%20Apocalypse-X2.jpg,Central,Maine,,Colin Curtis,,,Nick Murray,,,Brandon Barrows,Derek Bouchard,,,,,,,,1,1,Inactive
Badtude,Badtude,Local,https://photos.smugmug.com/Music/Band-Logos/i-VxvN2Hw/0/K3LCrcTBbZ3s4kx4GGzn8VvpshzCtBr9SvwjQ86Cg/XL/Badtude-XL.jpg,Southern,Maine,,Frank McDaniel,,,Frank McDaniel,,,Adam Horr,Brian Lassonde,,,,,,,,1,1,Active
Battery Steele,Battery-Steele,Local,https://photos.smugmug.com/photos/i-DbRb63D/0/LcG8g33Sm79NVQ8zCmqxJsDwnqj8rqJzRXH6gd5gs/X2/i-DbRb63D-X2.png,Portland,Maine,,N/A,,,N/A,,,Corey Tibbetts,N/A,,,,,,,,1,1,Inactive
Beautiful Pain,Beautiful-Pain,Local,https://photos.smugmug.com/photos/i-DbRb63D/0/LcG8g33Sm79NVQ8zCmqxJsDwnqj8rqJzRXH6gd5gs/X2/i-DbRb63D-X2.png,Midcoast,Maine,,Tim White,,,Josh Hersom,,,Brad Creamer,Daniel Day,,,,,,,,1,1,Inactive
Before the Betrayal,Before-the-Betrayal,Local,https://photos.smugmug.com/Music/Band-Logos/i-dz9CmWC/0/M4b9tFqwPxC9gZw57xqbFbWp5SDhfCSvf6dxrqq3w/S/Before%20the%20Betrayal-S.jpg,Midcoast,Maine,,Joe Couture,,,Ryan Crist,Jeff Cloutier,,Walter Russell Jr,Seth Fogg,,,,,,,,1,1,Inactive
Beyond the Fall,,Local,https://photos.smugmug.com/Music/Band-Logos/i-wHWq2w5/0/Lk8t8Kq4F7TscQ75X3RDhVJqWqWnGLssxWxh37wDb/M/Beyond%20the%20Fall-M.jpg,Lewiston-Auburn,Maine,,Matt Fournier,,,Matt Fournier,Eric Wright,,Geoff Whiteley,Tony Cortez,,Steven Church - Bass,,,,,,,,N/A
Big Meat Hammer,,Local,https://photos.smugmug.com/photos/i-DbRb63D/0/LcG8g33Sm79NVQ8zCmqxJsDwnqj8rqJzRXH6gd5gs/X2/i-DbRb63D-X2.png,,Maine,,Jordan Kratz,,,,,,,,,,,,,,,,,N/A
Black Box,Black-Box,Local,https://photos.smugmug.com/Music/Band-Logos/i-H2S4sbn/1/MTTk7wQCxW8dSX7J5Cq23rBCF96dJr2RQCwjxLSKT/X2/Black%20Box-X2.png,Auburn,Maine,,,,,,,,,,,,,,,,,1,1,Inactive
Black Orange,Black-Orange,Local,https://photos.smugmug.com/Music/Band-Logos/i-cNnJ8wz/0/NXFmZQh9jL7rpTbKwVMNbNKfd3NRq7K8qDmpNrfQq/X2/Black%20Orange-X2.jpg,Windham,Maine,,Bobby Whitebear,,,Glenn Cutter,Ken McCullick,,Martin Huertas,Armand Polito,,,,,,,,2,2,Active
Black Vinegar,Black-Vinegar,Local,https://photos.smugmug.com/Music/Band-Logos/i-jDghVqX/0/LRXQVGCrV9N5gdFtN7dDJZP2kVnmGwzP9GTSc3khf/L/Black%20Vinegar-L.jpg,Portland,Maine,,Nick Chin,,,Eric Farnsworth,N/A,,Mike Martin,N/A,,,,,,,,1,1,Active
Blind Alibi,Blind-Alibi,Local,https://photos.smugmug.com/Music/Band-Logos/i-9Jg3Q3G/0/MRZXmZZ6WjGjfdPjHXDzJf8PqdqsFXXjVNGPsnkfD/XL/Blind%20Alibi-XL.jpg,Skowhegan,Maine,,Seth York,Corey Hinkle,,Seth York,,,Corey Hinkle,John Krasnavage,,,,,,,,1,1,Inactive
Bloodborn,Bloodborn,Local,https://photos.smugmug.com/Music/Band-Logos/i-23rgHSf/0/MNgzGnqmRF6ChQHmG8SCjhFBtQHRN9dJX3KkKGDZn/X2/Bloodborn-X2.jpg,Lewiston-Auburn,Maine,,Nathan Newell,,,Russ Dumond,,,Asa Hemingway,,,Eric Johnson - Drums,,,,,,3,3,Active
Brand New Day,Brand-New-Day,Local,https://photos.smugmug.com/Music/Band-Logos/i-L4m7swh/0/KZRJX3fsmfSkndnTHvVcZJLVf5hVnND49VVMhL92m/M/Brand%20New%20Day-M.jpg,Lewiston,Maine,,Nick Brann,,,Lewiston,,,Jay Spaulding,Seth Boucher,,,,,,,,7,1,Inactive
Break The Skin,,Local,https://photos.smugmug.com/Music/Band-Logos/i-JNj85PC/0/K56CqZvKh7jzpGPT5ppj3Ws6kNbDCmVGTpr5VXFMV/X2/Break%20The%20Skin-X2.jpg,,Maine,,,,,,,,,,,,,,,,,,,N/A
BreakThrough,,Local,,,Maine,,,,,,,,,,,,,,,,,,,N/A
Broken Empire,Broken-Empire,Local,https://photos.smugmug.com/Music/Band-Logos/i-C8FkPgF/0/MBXk2dqwsbNPWqL8g6vWLhxvpvMRGxjKWKMVvQ7L9/L/Broken%20Empire-L.jpg,Central,Maine,,Logan Polley,,,Bridget Burke,,,Bobby Ng,Alex Miles,,,,,,,,2,2,Inactive
Burning Time,Burning-Time,Local,https://photos.smugmug.com/Music/Band-Logos/i-WChJBx8/0/KvpTfhC7qvpSFPT5Jr6TqmRRbRP2vZT2BmLhkKP9B/X2/Burning%20Time-X2.jpg,Southern,Maine,,Kris Hype,,,Carl Watson,Jarred Desrochers,,,Daniel Aldrich,,Doug Waycott - Bass,Todd West - 1 Appearence,Steven Church - Bass,,,,13,13,Active
Cabal,Cabal,Local,https://photos.smugmug.com/Music/Band-Logos/i-SLwBmDm/0/LWv4LCZQnKVJncSWH4BV86w3d6p9N5jbkdfxgJVdV/L/Cabal-L.jpg,Midcoast,Maine,,Marcos Madness,,,Nicholas Williams,,,Jason Cloukey,Sam Collins,,,,,,,,4,4,Inactive
Calibrating the Calamity,Calibrating-the-Calamity,Local,https://photos.smugmug.com/Music/Band-Logos/i-WpKSz88/0/KXFfPc7C9LrC8zH2t4nTXjbgHWzZ822dC3C8V7xwV/X2/Calibrating%20the%20Calamity-X2.jpg,Southern,Maine,,Zach Hall,,,Ethan Oldman,,,,,,,,,,,,1,1,Inactive
Capture the Sun,Capture-the-Sun,Local,https://photos.smugmug.com/Music/Band-Logos/i-rc3TQWw/0/MPJx4P8XJctjVbFW2fP96vKrKbxMmbhtfLbHnHHZj/L/Capture%20the%20Sun-L.jpg,Southern,Maine,,,,,,,,,,,,,,,,,1,1,Inactive
Cavemanifesto,Cavemanifesto,Local,https://photos.smugmug.com/Music/Band-Logos/i-bw9Mrv4/0/NGxqzcXwhS8V4Rm6FM2fHRVvdDZTJvQrm7tkVD98j/X2/Cavemanifesto-X2.jpg,Calais,Maine,,David Barnes,,,Bryan Stevens,,,David Barnes,Anthony Brown,,,,,,,,2,2,Inactive
Chaos Machine,Chaos-Machine,Local,https://photos.smugmug.com/Music/Band-Logos/i-FRkfr96/0/NJBVWX8NX3rZzDXRW77StV7Bc8ptRbRLXhDqTC4Pc/L/Chaos%20Machine-L.jpg,Bangor,Maine,,Wes Delaney,,,Jamie White,Jon Lugdon,,Scott Stetson (RIP),Ryan Porter,,Ryan 'R2' St Laurent - Bass,,,,,,8,1,Inactive
Cheers to Verona,Cheers-to-Verona,Local,,Central,Maine,,,,,,,,,,,,,,,,,1,1,Inactive
Civil Disturbance,,Local,https://photos.smugmug.com/Music/Band-Logos/i-86SdM8F/0/KbpHMWnmwg2Z9VsN6NdnCxqWKfZHJphX6DtVbVfdM/M/Civil%20Disturbance-M.jpg,,Maine,,,,,,,,,,,,,,,,,,,N/A
Clapping in Irons,Clapping-In-Irons,Local,https://photos.smugmug.com/Music/Band-Logos/i-mhh7fWp/0/KnpsD4Kj5xFmXLfqp2ZtzVfc8TcWQsbR9t3fkNHRt/Th/Clapping%20In%20Irons-Th.png,Southern,Maine,,,,,Andrew Berry,,,Barry Sullivan,,,,,,,,,2,2,Inactive
Conscious Cadaver,,Local,,,Maine,,,,,,,,,,,,,,,,,,,N/A
Corn Borer,Corn-Borer,Local,,Lewiston-Auburn,Maine,,,,,Dana Banks,Mike Richard,,Josh Ward,,,,,,,,,1,1,Inactive
Cover One Eye,,Local,,,Maine,,,,,,,,,,,,,,,,,,,N/A
Cradle II Grave,Cradle-II-Grave,Local,https://photos.smugmug.com/Music/Band-Logos/i-62xCf8W/0/MfdRGhfgLXgLpjVsVx2HVbkfDx7Z2GTr7J4SGKqZF/S/Cradle%20II%20Grave-S.png,Southern,Maine,,Greg Burns-Jackson,,,Jimi Leonard,,,Keenan Wakem,James MaClean,,Brian Estabrook - Bass,,,,,,2,2,Active
Creatures,Creatures,Local,,Central,Maine,,Nicolas Jacques,,,Isaac Karkos,Jake Kolda,,Nick Owen,Jared Polley,,,,,,,,3,3,Inactive
Cryptid Slaughter,Cryptid-Slaughter,Local,,Portland,Maine,,Paul Simisky,,,Paul Simisky,,,,,,,,,,,,1,1,Inactive
Culling the Herd,Culling-the-Herd,Local,https://photos.smugmug.com/Music/Band-Logos/i-FzLL5rj/0/KF43JppWJDGz32bHf8VwGNHHkS3dLcX5jkP887wKB/M/Culling%20the%20Herd-M.jpg,Richmond,Maine,,Adam Begin,,,Brandon Hyde,Mike Gomes,,Isaac Wood,Peter Lilly,,Brycent Lacroix - Vox,,,,,,19,9,Inactive
Dark Rain,Dark-Rain,Local,https://photos.smugmug.com/Music/Band-Logos/i-nXSFZ9Q/0/KPcfFvV3DqhQjD9fBgszbWXDpcDtZNBPTdSW8x72w/X2/Dark%20Rain-X2.jpg,Midcoast,Maine,,Kelleigh Richards,Dudley Leavitt,,Dudley Leavitt,Brian Rathbun,,Bill True,,,Chris Williams - Drums,Chip Sample - Drums,Steven Cole - Bass,,,,20,7,Active
Dark River Rising,Dark-River-Rising,Local,,Southern,Maine,,Alan Jones,,,Alan Jones,,,,,,,,,,,,,,N/A
Dave Osborne Band,,Local,,,Maine,,,,,,,,,,,,,,,,,,,N/A
Dead In Your Eyes,Dead-In-Your-Eyes,Local,https://photos.smugmug.com/Music/Band-Logos/i-3tP8S4N/0/KPFbgqW6fcL7hCVpfKBV5MvhFSmSP92Fhd23NdHMm/XL/Dead%20In%20Your%20Eyes-XL.jpg,Southern,Maine,,Jon Riley,,,CJ Rowe,,,Josh Currie,Chris Gagne,,Josh Correia - Bass,Robbie Buxton - Bass,Trevor Driscoll - Drums,,,,6,6,Active
Dead Season,Dead-Season,Local,https://photos.smugmug.com/Music/Band-Logos/i-vf6WpJp/0/L4JwxKgx5mRpQCDNmFhRjtJCGR9wPKtsbqGWG57zG/L/Dead%20Season-L.jpg,Central,Maine,,Ian Truman,Matt Truman,,Matt Truman,,,Chris Michaud,Andy Hackett,,Steven Church - Bass,Spencer Reullard - Bass,Dustin Fitzpatrick - Drums,,,,6,2,Inactive
Deadly Desire,Deadly-Desire,Local,https://photos.smugmug.com/Music/Band-Logos/i-4WcQ44S/0/LnppcQ5JjM97Ms2dMGHBJMFnMLCt8kKQCgGMjg6fS/X2/Deadly%20Desire-X2.jpg,Central,Maine,,Lorelai,,,Steve Austin,,,,Will Bruner,,,,,,,,1,1,Active
Death's Hand,Deaths-Hand,Local,https://photos.smugmug.com/Music/Band-Logos/i-t6GZWM2/0/M7bmwNn9VQBFkggmdcHscMQR8gkHFjQvL232rCNDj/X2/Death%27s%20Hand-X2.jpg,Bangor,Maine,,Ryan Hill,,,Ed Hamaty,,,Kyle Tobias,Kelly Banks,,,,,,,,2,2,Inactive
Destination:Void,Destination-Void,Local,https://photos.smugmug.com/Music/Band-Logos/i-srmMLVq/0/KZ9xbMQnjXvz67kRk4qpNhCvtCMCvRsfWQTndn9HZ/X2/Destination%20Void-X2.jpg,Southern,Maine,,Lucas Damen,,,Ryan Cummings,Al Pike,,Kenny Barry,Seth Perkins,,Nick Crosen - Bass,Caleb Ring - Guitar,,,,,10,4,Active
Devil's Nite Out,DNO,Local,https://photos.smugmug.com/Music/Band-Logos/i-krk8KJv/0/MQNWRPbwxmKhvrJk4Prt2vzWghnB4m532vH3ZB9Hh/X2/Devil%27s%20Nite%20Out-X2.jpg,Windham,Maine,,Sean Matthews,,,Tyler Mitchell,,,Scott Tracy,TJ Itchkawich,,Brian Crawford - Guitar,Randall Bones - Guitar,,,,,12,12,Inactive
Diablooo,Diablooo,Local,https://photos.smugmug.com/Music/Band-Logos/i-kPVJSVD/0/NMgkfSMSfbVs9qR6hdMS5PTBZs9XmWRNJBFPZnHwD/X2/Diablooo-X2.jpg,Midcoast,Maine,,Ritchie Staples,,,Ritchie Staples,,,,Tyler Low (RIP),,,,,,,,2,2,Inactive
Dirty Rotten Winter,Dirty-Rotten-Winter,Local,https://photos.smugmug.com/Music/Band-Logos/i-qVK4CBF/0/NZNnphQvv2cSCcQM2wr67Sp5XKMjZ7LVRVssX5kbs/X2/Dirty%20Rotten%20Winter-X2.jpg,Central,Maine,,Jeff York,Josh Currie,,Jeff York,,,Josh Currie,George Maguire,,,,,,,,3,3,Inactive
Division North,DivisionNorth,Local,https://photos.smugmug.com/Music/Band-Logos/i-4P8tNvq/0/KkkFJ3jDTFDwXWHqfv8JWvPVV6ZxkmXc5KHjX86VD/X2/Divison%20North-X2.jpg,Biddeford,Maine,,Ian Robbins,Angelina Salvatore,,Justin Patry,,,Joshua Smith,Chris Leighton,Angelina Salvatore,Daniel Aldrich - drums,,,,,,3,3,Active
Drown in Filth,Drown-in-Filth,Local,https://photos.smugmug.com/Music/Band-Logos/i-RNQVdkD/0/KnZkmbWjbghjr73wMZjDzr4Xx6bcHTj5hTzsdvQHm/XL/Drown%20in%20Filth-XL.jpg,Central,Maine,,Ethan Hartley,,,Jeff York,Dean,,Josh Currie,Josh Correia,,,,,,,,1,1,Active
Drunk in Public,Drunk-in-Public,Local,https://photos.smugmug.com/Music/Band-Logos/i-HCL5B8J/0/KWpH5kCR8DPRcLK4fPMxtqcn6Cf9TVSrk5S4wr2nr/L/Drunk%20in%20Public-L.jpg,,Maine,,Heather Price,,,Greg Webster,,,Scott Thurston,Dale Bellman,,,,,,,,1,1,Active
Echo Ritual,Echo-Ritual,Local,https://photos.smugmug.com/Music/Band-Logos/i-vGN2B5q/0/KFRCxvcZNkS2KFNJ4dNBSzBRRp9NDxpRSmf25sGGQ/X2/Echo%20Ritual-X2.jpg,Waterville,Maine,,Pat Lavallee,,,Pat Lavallee,,,Lance McKenzie,Caleb Card,,,,,,,,5,5,Active
El Grande,El-Grande,Local,https://photos.smugmug.com/Music/Band-Logos/i-GvzqRvw/0/LMDGdP2Wg5cpPQCWgNxDvrwWNjrNxNWwMd96szZkR/XL/El%20Grande-XL.jpg,Portland,Maine,,,,,,,,,,,,,,,,,1,1,Active
Eldemur Krimm,,Local,,,Maine,,,,,,,,,,,,,,,,,,,N/A
EndGame,EndGame,Local,https://photos.smugmug.com/Music/Band-Logos/i-jvp6RGh/0/MdG5Q9vCQr9TCbcFS9NNSL33NHZ2NMcsCR8JNHqJG/XL/Endgame-XL.jpg,Lewiston,Maine,,,Russ Dumond,,John Dorr,O Troy Stevens (RIP),,,,,,,,,,,2,2,Inactive
enigmatheory,Enigmatheory,Local,,,Maine,,Scott Young,Ronnie Lee,,Scott Young,,,John Chenard Jr,Ronnie Lee,,,,,,,,1,1,Active
Enlightened StrangeLink,Enlightened-StrangeLink,Local,https://photos.smugmug.com/Music/Band-Logos/i-cz3xp3J/0/NcVx8xnrqSkJdQnW4g5kpT5fWVmrwBkXtdqn7CGtH/S/Enlightened%20StrangeLink-S.jpg,Lewiston-Auburn,Maine,,Mike Grenda,,,Mike Grenda,,,Mike Schadtle,,,,,,,,,5,2,Inactive
Estabrook Inc,Estabrook,Local,https://photos.smugmug.com/Music/Band-Logos/i-8Bwnc5k/0/LN3R222CzM5Nwk5fHvWMvC3BCNdjZ9Vg828FKJtJF/XL/Estabrook-XL.jpg,Southern,Maine,,Brian Estabrook,,,Scott Webber,,,Scott Tracy,Tim Webber,,,,,,,,2,2,Active
Ethereal Rot,Ethereal-Rot,Local,https://photos.smugmug.com/Music/Band-Logos/i-5DgQX2q/0/NccGp5RcKgQ5CCL3RDdg9sjVzFnBv4JFW5z2KkL6j/X2/Ethereal%20Rot-X2.jpg,Portland,Maine,,,,,,,,,,,,,,,,,1,1,Active
Everything In-Between (EIB),,Local,,,Maine,,,,,,,,,,,,,,,,,,,N/A
Exclave,,Local,,,Maine,,,,,,,,,,,,,,,,,,,N/A
False Prophecy,False-Prophecy,Local,https://photos.smugmug.com/Music/Band-Logos/i-VMhhBk8/0/NFHJ2vTTq2dWWCpzr5QZDSKBxcdM5ZWCgQbptp28s/X2/False%20Prophecy-X2.jpg,Bath,Maine,,Tim White,,,Heath Stowell,,,Josh Goodman,Matt Nace,,Matt Nace - guitar,Ron Cummings - drums,Rikk Ashe - Drums,,,,19,5,Inactive
Fates Last Fight,,Local,,,Maine,,,,,,,,,,,,,,,,,,,N/A
Fifth Freedom,Fifth-Freedom,Local,https://photos.smugmug.com/Music/Band-Logos/i-FNtR4ZP/0/MBM3qm3prmtK76tdkKDpqk3rMmtJWx4M6Xw92PcDL/X2/Fifth%20Freedom-X2.jpg,Southern,Maine,,Alan Jones,Jake Caron,,Jake Caron,Mark Foglietta,,Alex O'Connor,Gary Marston,,Seth McClellan - Bass,Tyler Rizzuto - Drums,Nick Little - Guitar,Mike Scarponi - Bass,,,20,4,Active
Forbidden Covenant,,Local,https://photos.smugmug.com/Music/Band-Logos/i-vBchr2h/0/KfnmhWQbKDjwVtFtQPtLdc4kdFKpQKkFf8TWbXRVF/M/Forbidden%20Covenant-M.jpg,,Maine,,,,,,,,,,,,,,,,,,,N/A
Forward Momentum Prophecy (FMP),,Local,,,Maine,,,,,,,,,,,,,,,,,,,N/A
Four Feet Out,Four-Feet-Out,Local,https://photos.smugmug.com/Music/Band-Logos/i-JDjvDFw/0/LKTxv9bg7bQKXKfGSrnMZgvRShstqs2NVzxNgFrkM/S/Four%20Feet%20Out-S.jpg,Brunswick,Maine,,Bob Rox,,,Rich Yanok,,,Bob Rox,Chris Williams,,,,,,,,9,8,Active
Friday Night Lites,Friday-Night-Lites,Local,https://photos.smugmug.com/Music/Band-Logos/i-zJTK9HH/0/KfHnQ6M83mLRnKWCXZF6zNcrPJNcZc28dmj6HLQmL/XL/Friday%20Night%20Lites-XL.jpg,Central,Maine,,Joey Genovase,,,Nate Garland,Matt Fortier,,Jameson Trudel,Dan Dunham,,,,,,,,1,1,N/A
Funnel,,Local,https://photos.smugmug.com/Music/Band-Logos/i-XmXstF2/0/LcXrBPC2KXBfZ7PGqMjxb2CRNHJbZ29LgMHLvCbcQ/M/Funnel-M.jpg,,Maine,,,,,,,,,,,,,,,,,,,N/A
Hatred Alive,Hatred-Alive,Local,https://photos.smugmug.com/Music/Band-Logos/i-W8nPpqd/0/KNCdpcRp4JVb5P48gBh7pmzsVKZzD3zj6X7MKcNFt/X2/Hatred%20Alive-X2.jpg,Central,Maine,,,,,,,,,,,,,,,,,1,1,Active
Heart Shaped Rock,,Local,,,Maine,,,,,,,,,,,,,,,,,,,N/A
Hogan's Alley,Hogans-Alley,Local,https://photos.smugmug.com/Music/Band-Logos/i-R5LZK2g/0/NTm8JdGnh9DdpSM94sCCTBVTV9hnLDKNtDG9qJN8t/M/Hogans%20Alley-M.jpg,Gardiner,Maine,,Tyler Dodge,Ryan Picard,,Ryan Picard,,,Tyler Dodge,George Weigand,,,,,,,,3,3,Inactive
Holy Filth,Holy-Filth,Local,https://photos.smugmug.com/Music/Band-Logos/i-L52zWF8/0/KVhTB3PCppv7Jsq555pbGdfP7jj2mMTvHVpqDccbw/X2/Holy%20Filth-X2.jpg,Central,Maine,,,,,Ryan Curry,,,Eddie Tardiff,,,,,,,,,1,1,Inactive
"I, The Conqueror",I-The-Conqueror,Local,https://photos.smugmug.com/Music/Band-Logos/i-qtvK2PM/0/LB2XrVKHFvXFBrhcbCbS6hLZjDv5VBPvWtJbFsxX5/S/I%2C%20The%20Conqueror-S.jpg,Southern,Maine,,Jon Sturdee,,,Ben Roberts,Tyler Mitchell,,Dylan Roberts,TJ Itchkawich,,Ian Cameron - Bass,,,,,,6,6,Active
Identity Crisis,Identity-Crisis,Local,https://photos.smugmug.com/Music/Band-Logos/i-mhg8d33/0/LT8pfHFLb6m3SRkThGFTHkC887b6pLHMB2vrDMZ5z/X2/Identity%20Crisis-X2.jpg,Lewiston,Maine,,Briana Levesque,,,Mike Garant,,,Mike Richard,Glenn Foss,,,,,,,,1,1,Active
In The Key of Suffering,ITKOS,Local,https://photos.smugmug.com/Music/Band-Logos/i-GtcpTkx/0/NSLZR2DGhk2Lkjm8V3hhZSqV24r5ZnZ6wkfrnwkdc/L/ITKOS-L.jpg,Lewiston,Maine,,Tanner Nolin,,,Percy Hutchins,Richard Ring,,Isaac Karkos,Jesse Graham,,Devon Fluette - Bass,,,,,,8,8,Inactive
In the Kingdom of Nightmares,In-The-Kingdom-Of-Nightmares,Local,https://photos.smugmug.com/Music/Band-Logos/i-kT2JQHm/0/LFgSxq8NqNf6S2kB9V3Wj93k4Z5kTFBnFQbcwhxG9/XL/ITKON-XL.jpg,Northern,Maine,,TJ Washburn,,,Chris Manos,Luke Cormier,,Jay Knight,Gary Porter,,Tylor Hunter - Guitar,Bruce Ibscher - Bass,,,,,7,7,Active
In The Wind,In-The-Wind,Local,https://photos.smugmug.com/Music/Band-Logos/i-432fb3b/0/NN68tdPnmSXsWHR2kwnD2x59MVM39mwFWHfr6jR54/XL/In%20The%20Wind-XL.jpg,Central,Maine,,,,,Joe Tucci,,,,,,,,,,,,2,2,Active
Inhuman Nature,Inhuman-Nature,Local,https://photos.smugmug.com/Music/Band-Logos/i-sh4TPZT/0/NGKtCM9kh8BK62dsfdHCz2nqkhpnBzmZTRf4KvZjp/S/Inhuman%20Nature-S.jpg,Portland,Maine,,Matt Dearborn,,,,,,,,,,,,,,,1,1,Inactive
Interloc,Interloc,Local,https://photos.smugmug.com/Music/Band-Logos/i-WT4KQc6/0/K2Mc8KFXmRn43PL449XsFnqgDZWWfSxBjd2CtqDJB/M/Interloc-M.jpg,Central,Maine,,John Rohner,,,,,,,,,,,,,,,2,2,Inactive
Iron Dynamite,Iron-Dynamite,Local,https://photos.smugmug.com/Music/Band-Logos/i-kF7svFD/0/KFQfxB7t4gvbrxXDFvXrS8DbPNgVzHVsXR6SCSZrG/XL/Iron%20Dynamite-XL.jpg,Southern,Maine,,Aaron Castaldi,,,Aaron Castaldi,,,Joey Johnson,Curtis Merrill,,,,,,,,1,1,Active
J-Dubb & CPE,,Local,,,Maine,,,,,,,,,,,,,,,,,,,N/A
Juboybe,,Local,,,Maine,,,,,,,,,,,,,,,,,,,N/A
Kamikaze Angel,Kamikaze-Angel,Local,,Southern,Maine,,Dave Bloom,,,Bret Mills,,,Joe Greene,Kris Voisone,,,,,,,,6,2,Inactive
Ken/James Grimmsley,Ken-James-Grimmsley,Local,https://photos.smugmug.com/Music/Archives/Bands/Candids/2025/083025/i-phv8cpx/0/KtP2gs6SSngg5wbC3XN6vfWmGb77GRK4mdsZTPtLt/X2/2025-08-30%20-%20Candids-155-X2.jpg,Southern,Maine,,Ken Grimmsley,James Grimmsley,,,,,,,,,,,,,,2,2,Active
Killing Voorhees,,Local,,,Maine,,,,,,,,,,,,,,,,,,,N/A
Kolossos,Kolossos,Local,https://photos.smugmug.com/Music/Band-Logos/i-GzBhxgx/0/MvSCfQHqtkDQmwP3ctD7GGVLfJvzQQK8ptRmFcdtW/L/Kolossos-L.jpg,Midcoast,Maine,,Tyler Low (RIP),Hunter Galipeau,,Hunter Galipeau,,,Tommy Spaulding,Devin Field,,,,,,,,3,1,Inactive
Kryptosporidium,Kryptosporidium,Local,https://photos.smugmug.com/Music/Band-Logos/i-k7W6tnN/0/Kc9t296qzhVnpDT8z2325RsJ7mvjpnTjVPx8j7gdn/X2/Kryptosporidium-X2.jpg,Lewiston,Maine,,Kyle Michyr,Justin Gendell,,Mike Gignac,,,Chris Markham,Josh Correia,,,,,,,,2,2,Active
Last Ones Alive,Last-Ones-Alive,Local,https://photos.smugmug.com/Music/Band-Logos/i-sZZpsLD/0/K8mqrVtjVgMF4JzqHbQkrxHsSCcFMbpXswbmTbnbf/XL/Last%20Ones%20Alive-XL.jpg,Auburn,Maine,,Nick Owen,Jared Polley,,Jared Polley,,,Nick Owen,John Wagoner,,,,,,,,3,1,Inactive
Lawton,,Local,,,Maine,,,,,,,,,,,,,,,,,,,N/A
Leach Field,,Local,,,Maine,,,,,,,,,,,,,,,,,,,N/A
Left on Red,Left-on-Red,Local,https://photos.smugmug.com/Music/Band-Logos/i-rKwRF8F/0/K4vW9k6jNQHP4VkdNJK5wR4Zk9bXFWZZS4gQDhTM6/X2/Left%20on%20Red-X2.jpg,Lewiston,Maine,,Matt Fournier,Mike Richard,Tony Cortez,Matt Fournier,,,Mike Richard,Tony Cortez,,,,,,,,1,1,Active
Left on the Outside (LOTO),,Local,,,Maine,,,,,,,,,,,,,,,,,,,N/A
Lemonade,Lemonade,Local,https://photos.smugmug.com/photos/i-DbRb63D/0/LcG8g33Sm79NVQ8zCmqxJsDwnqj8rqJzRXH6gd5gs/X2/i-DbRb63D-X2.png,Durham,Maine,,Jared Polley,,,Jared Polley,,,,John Wagoner,,,,,,,,1,1,Inactive
Lethal Creed,Lethal-Creed,Local,https://photos.smugmug.com/Music/Band-Logos/i-LwXgBvK/0/KpmRLKPFfKzq8ZQ6WXzW7M3g4V9bGF6prJ5WZD2NS/X2/Lethal%20Creed-X2.jpg,West Newfield,Maine,,Jamey Travis,,,Mike Travis,,,Jacob Travis,Jamey Travis,,,,,,,,1,1,Active
Loki,Loki,Local,https://photos.smugmug.com/Music/Band-Logos/i-CZV9D4d/0/M79Z6XtQZHtJNzJG2xTJF5KP3pQncd5dbCkvQwDQ7/L/Loki-L.jpg,Southern,Maine,,Jon Boyer,,,Jon Boyer,,,Greg Burns-Jackson,Adam Nichols,,Seth McClellan - Bass,Mike Loubier - Bass,Jon Taylor - vox,,,,29,13,Active
Manuel,Manuel,Local,https://photos.smugmug.com/Music/Band-Logos/i-24p53hq/0/MX8fMtbkFzk7MdL4Z95jbTmttKh8z23MmKLsWVLDR/L/Manuel-L.jpg,Southern,Maine,,Manny Urgiles,,,Thomas Hiscock,Ryan Cummings,,,Jason Ingalls,,,,,,,,1,1,Active
Marshall Marquis Band,,Local,,,Maine,,,,,,,,,,,,,,,,,,,N/A
Mechanical Banshees,,Local,,,Maine,,,,,,,,,,,,,,,,,,,N/A
Metal Night,Metal-Night,Local,https://photos.smugmug.com/Music/Band-Logos/i-rWh3tgX/0/KpzxFCfmz524D6BtkJCK5ZKVgDGmRzx3nDRVrLWXZ/X2/Metal%20Night-X2.jpg,,Maine,,BB LaFreak,Jay Splude,,Capan LaClair,,,Jay Splude,Joey Cousins,,,,,,,,2,2,Inactive
Midnight Possession,Midnight-Possession,Local,https://photos.smugmug.com/Music/Band-Logos/i-Wxzjz4W/0/KKcBpnkPJBK7PMhnqzm4gq8QbCf7bfL8pzc7Htn25/X2/Midnight%20Possession-X2.jpg,Belgrade,Maine,,Bodhi Mckellick,Heather Williams,,Nik Hall,Warren Hall,,Eddie Cleary,Rodney Williams,,,,,,,,3,3,Active
Mill Fire,,Local,,,Maine,,,,,,,,,,,,,,,,,,,N/A
MindShiver,MindShiver,Local,https://photos.smugmug.com/Music/Band-Logos/i-3VXLRFk/0/M3bfN4PzRwZpnQw7jdkpP3Qm9qxwRdFTpX7rwk8m5/M/Mindshiver-M.jpg,Portland,Maine,,,,,Scott Lebourdais,,,,,,,,,,,,2,2,Inactive
Misantrophy,,Local,,,Maine,,,,,,,,,,,,,,,,,,,N/A
Misgyded,,Local,https://photos.smugmug.com/Music/Band-Logos/i-Fzb8Knw/0/LVTw6FGc85hJmWW9F43mJDrjsrVb2t256RbmBznKq/X2/Misgyded-X2.jpg,,Maine,,,,,,,,,,,,,,,,,,,N/A
Morganite,Morganite,Local,https://photos.smugmug.com/photos/i-DbRb63D/0/LcG8g33Sm79NVQ8zCmqxJsDwnqj8rqJzRXH6gd5gs/X2/i-DbRb63D-X2.png,,Maine,,Ali Frechette,,,Cody Frechette,,,,,,,,,,,,1,1,Inactive
MOUND,MOUND,Local,https://photos.smugmug.com/Music/Band-Logos/i-GFzSJMJ/0/KPGhJdgqQvLs2PQtJ45Pm9wtSc9xDGjk2LsN5qD83/X2/Mound-X2.jpg,Midcoast,Maine,,Ingrid Hill,,,Andy Hancher,,,Isaac Wood,Ariel Burns,,,,,,,,2,1,Active
Murcielago,Murcielago,Local,https://photos.smugmug.com/Music/Band-Logos/i-dfQb9H7/0/MdgQzckpxvD2CnJCH9L5f47gckVd49PNjSGVSgH49/X2/Murcielago-X2.jpg,Portland,Maine,,Neil Collins,,,Matthew Robbins,,,Neil Collins,,,,,,,,,2,2,Active
My Tempered Soul,My-Tempered-Soul,Local,https://photos.smugmug.com/Music/Band-Logos/i-TdKx2S6/0/LcccGftKs6PRfTBWjfMQZ2Q9kLptVtcNsHDM6Lq9k/L/My%20Tempered%20Soul-L.jpg,Auburn,Maine,,Ritchie Dan,,,Chris Skehan,,,N/A,Micheal Beauchesne,,,,,,,,3,3,Inactive
Mykal Distortion,Mykal-Distortion,Local,,Auburn,Maine,,Michael Grenda,,,,,,,,,,,,,,,1,1,Inactive
NOBIS,,Local,,,Maine,,,,,,,,,,,,,,,,,,,N/A
Notyetlost,Notyetlost,Local,https://photos.smugmug.com/Music/Band-Logos/i-CQtB9Vk/0/NcqW8S965K2vVPZhcrvzXKFR3VCNS5TqG86dFWbxJ/X2/Notyetlost-X2.jpg,Central,Maine,,Kyle Campbell,,,Chris Carroll,,,Ryan Schopee,Nate Dorman,,Josh Sabine - bass,,,,,,6,6,Inactive
NOVA,NOVA,Local,,Central,Maine,,,,,,,,,,,,,,,,,1,1,Inactive
Objet,Objet,Local,https://photos.smugmug.com/Music/Band-Logos/i-kVNSZCw/0/Kqj7598fRNkrqsJKTZ2kGrvmJ8SNmGsgGXGg2TRSx/XL/Objet-XL.jpg,Lewiston-Auburn,Maine,,Kris Milo,,,Keith Hebert,,,,,,More to come,,,,,,2,2,Active
Omniterra,,Local,,,Maine,,,,,,,,,,,,,,,,,,,N/A
Ouvre,Ouvre,Local,https://photos.smugmug.com/Music/Band-Logos/i-sJTQTDd/0/KDdBkQJwKLSkkPWDM78nnC6sdzbxKtWpsccDSzPZw/X2/Ouvre-X2.jpg,Midcoast,Maine,,Eenor Wildeboar,Aaron Lewis,,Eenor Wildeboar,,,Aaron Lewis,Sam Yawdik,,,,,,,,1,1,Active
Paradise is Cancelled,Paradise-Is-Cancelled,Local,https://photos.smugmug.com/Music/Band-Logos/i-gmKd5N7/0/MFxzChrNkSNZkzwt6wgmwKsjWMHDrQcBL8vksPLrc/M/Paradise%20is%20Cancelled-M.jpg,Biddeford,Maine,,Dom Boudreau,Brandon DuPaul,,Shaun Jefferey,Chris King,,,TJ Itchkawich,,Scott Stanley - Bass,,,,,,3,3,Active
Pariah,Pariah,Local,https://photos.smugmug.com/Music/Band-Logos/i-PPBznWr/0/KbnQrgQcksfQ3NjkTXkZkz7cmKCWhDLP4cWJLXc4L/M/Pariah-M.jpg,Auburn,Maine,,Tanner Smith,,,Tanner Smith,,,,Nick Smith,,,,,,,,5,5,Active
Peter Mack,Peter-Mack,Local,,,Maine,,Peter Mack,,,,,,,,,,,,,,,1,1,Inactive
Ponder,Ponder,Local,https://photos.smugmug.com/Music/Band-Logos/i-p3wc3Nq/0/KPsXdNdCLw4HdSmPRhw2twzNV64nS6xbr368DM6Q8/X2/Ponder-X2.jpg,Biddeford,Maine,,Jay - Ponder,,,Eric Fields,,,Scott Tracy,TJ Itchkawich,,,,,,,,2,2,Active
Project 246,Project-246,Local,https://photos.smugmug.com/Music/Band-Logos/i-RPvjR2m/0/K9zfxnJM86tS4rRpDRwcbtzRPZQnnTgBXRKtDSxQF/S/Project%20246-S.png,Southern,Maine,,,,,Damien Burns-Jackson,,,Greg Burns-Jackson,,,,,,,,,1,1,Inactive
Project 1313,,Local,,,Maine,,,,,,,,,,,,,,,,,,,N/A
Pulsifier,Pulsifier,Local,https://photos.smugmug.com/Music/Band-Logos/i-gm4NwCz/0/L2z5CC8w5hj2DJZLx657rTKmTjJmCNvCc8J5CKnsg/S/Pulsifier-S.jpg,Central,Maine,,MeA,,,Chris Skehan,,,Patrick Outlette,Jay Grant,,,,,,,,3,3,Active
Pushing the Clock,Pushing-the-Clock,Local,https://photos.smugmug.com/Music/Band-Logos/i-X3mWQnt/0/NXhMpS66JFrGrQFxW53kRJ2NDR3NMZmfhhHvD6x3t/XL/Pushing%20the%20Clock-XL.jpg,Southern,Maine,,Chris Garrity,Michael Seymour,,Chris Garrity,Michael Seymour,,Ray Labbe,Mike Farmer,,,,,,,,1,1,N/A
Rapper Ashley,Rapper-Ashley,Local,,Auburn,Maine,,Ashley,,,,,,,,,,,,,,,1,1,Inactive
RC.Budaka,,Local,,,Maine,,,,,,,,,,,,,,,,,,,N/A
Rebirth to Ends,,Local,,,Maine,,,,,,,,,,,,,,,,,,,N/A
Render,,Local,,,Maine,,,,,,,,,,,,,,,,,,,N/A
ReVision,Revision,Local,https://photos.smugmug.com/Music/Band-Logos/i-PmXJVpp/0/NfZH9KWQJJf2hZfm29vmkqkvPDPFsQvB5WtmZgbZf/X2/Revision-X2.jpg,Lewiston,Maine,,Zac Anderson,,,Zac Anderson,,,,Jay Grant,,Cody Anderson - bass,,,,,,4,4,Active
Ripfence,Ripfence,Local,,Lewiston-Auburn,Maine,,,,,,,,,,,,,,,,,2,2,Active
Roseview,Roseview,Local,https://photos.smugmug.com/Music/Band-Logos/i-zgdDtBM/0/MRtK7khFmzkDhbS59V2sR3vfpc2L3hwH8zv8xBTDL/X2/Roseview-X2.jpg,Bangor,Maine,,Keanu Savas,,,Topaz Savas,Brandon Embelton,,N/A,N/A,,,,,,,,2,2,Inactive
Ruckus,Ruckus,Local,https://photos.smugmug.com/Music/Band-Logos/i-qmGKTV7/0/LdMGhrGpBG3DCRt6mXQC37D4Nvng2MpGR8MWRHzMs/M/Ruckus-M.jpg,Lewiston/Auburn,Maine,,Jared Johnson,,,Will McKenna,,,Dwayne Blake,Shad Lewis,,,,,,,,1,1,Inactive
RUIN,Ruin,Local,https://photos.smugmug.com/Music/Band-Logos/i-hz8MQvT/0/KsSQhHRJjjgxk8ngDCxfsZVW26PbsQ2rNTvr3QQdJ/L/Ruin-L.jpg,Portland,Maine,,Richard Carey,,,,,,,,,,,,,,,2,1,Inactive
Ryze Above,Ryze-Above,Local,,Southern,Maine,,Bobby Whitebear,,,Glenn Cutter,,,Stephen Hill,,,,,,,,,1,1,Inactive
Salvo,,Local,,,Maine,,,,,,,,,,,,,,,,,,,N/A
Saturn's Return,Saturns-Return,Local,https://photos.smugmug.com/Music/Band-Logos/i-W2kkJ3j/0/KgzN7g36jLqS7XTKNfFdGLPVrzkvJTcszFBh8LcBM/M/Saturns%20Return-M.jpg,Central,Maine,,Arthur Leavitt,,,Arthur Leavitt,,,Paul Englehart,Thomas Lewis,,,,,,,,2,2,Inactive
S.C.O.B.Y.,SCOBY,Local,,,Maine,,Finn O'Neal,,,Finn O'Neal,,,Dizzy Izzy,Troy Palmatier,,,,,,,,1,1,Active
Scotty Saints and the True Believers,Scotty-Saints-and-the-True-Believers,Local,https://photos.smugmug.com/Music/Band-Logos/i-mkxmpN5/0/LBZK4jtwcc6xdfV3F2D3CH23LgS6xzM8QWW9wDQMN/X2/Scotty%20Saints-X2.jpg,Portland,Maine,,Scotty Saints,,,,,,Frank Ashe,Shad Lewis,,,,,,,,1,1,Active
Seasons of Ash,Seasons-of-Ash,Local,https://photos.smugmug.com/Music/Band-Logos/i-h2WkXk8/0/K5Bv398XLKkL4fFPCXWLNdhFX3pgPtrkqg95Nk2Ln/X2/Seasons%20of%20Ash-X2.jpg,Chesterville,Maine,,Ethan Hartley,,,Jeff York,,,Josh Currie,Josh Correia,,Logan Emery - Guitar,Eric Butterfield - Bass,,,,,3,3,Inactive
Seattle,Seattle,Local,https://photos.smugmug.com/Music/Band-Logos/i-FFzf3Hd/0/LXN2MHB8TXpRSjMdKZm4tGz7BcSsWdHPGnwKW2Wmd/XL/Seattle-XL.jpg,Lebanon,Maine,,Dylan Kathios,,,Kevin Fader,,,Breezy,Bobby Boucher,,,,,,,,1,1,Active
Second Sight,Second-Sight,Local,https://photos.smugmug.com/Music/Band-Logos/i-kq9KvH2/0/Mw8Pv8SpNRmpcpwZqW296W4pC6p2HQjWv94CfXsDP/X2/Second%20Sight-X2.jpg,Augusta,Maine,,Pat Lavallee,,,Pat Lavallee,,,River Banks,,,,,,,,,1,1,Inactive
Seize the Vatican,,Local,,,Maine,,,,,,,,,,,,,,,,,,,N/A
Shy Green,Shy-Green,Local,https://photos.smugmug.com/Music/Band-Logos/i-Rht52Jw/0/KkZKhZ8wpVdPhzHg7zVnk5wcMkCZD9gqXGzjwntT8/S/Shy%20Green-S.jpg,Midcoast,Maine,,Brian Savage,Aaron Nadeau,Ben Hollister,,,,Robert Nibarger,Scott Thayer,Kai Dennett,James Buhrendorf - Bass,Matt Snell - Drums,,,,,5,5,Inactive
Sidecar Radio,,Local,,,Maine,,,,,,,,,,,,,,,,,,,N/A
Sinfist,,Local,,,Maine,,,,,,,,,,,,,,,,,,,N/A
Skrye,,Local,,,Maine,,,,,,,,,,,,,,,,,,,N/A
Slampig,Slampig,Local,https://photos.smugmug.com/Music/Band-Logos/i-9S7T4Ng/0/NLNVWVWjtDLnjs7VzZ3MZdgjHcRdKzfZ8vf9ssvkF/S/Slampig-S.jpg,Chesterville,Maine,,Ben Tolman,Josh Correia,,Josh Correia,Nakoa Parsons,,Chris Markham,Darrell Boudreau,,,,,,,,2,2,Active
Smothered Sun,Smothered-Sun,Local,https://photos.smugmug.com/Music/Band-Logos/i-JMzWM5z/0/MPRRjkM7HZfX4zx6v3RwHb4QB4nTcKdDJ63r8Xz5s/X2/Smothered%20Sun-X2.jpg,Central,Maine,,,,,,,,,,,,,,,,,1,1,Active
"Society, Inc",,Local,,,Maine,,,,,,,,,,,,,,,,,,,N/A
Something Stupid,Something-Stupid,Local,https://photos.smugmug.com/Music/Band-Logos/i-jQFcK2V/0/LjRCFk2B869Zr69kRDzMSvFq6VHsZ99shVvns45LK/X2/Something%20Stupid-X2.png,Southern,Maine,,Ralph Arsenault,,,Todd West,,,Mike Foley,Mark Valliere,,,,,,,,2,2,Active
Sonic Libido,Sonic-Libido,Local,https://photos.smugmug.com/Music/Band-Logos/i-dvQ94s3/0/Mcqb37x6GCZrxbW7MjMjPtRDQBQvpHRnP6F3VQnxm/L/Sonic%20Libido-L.jpg,Portland,Maine,,,,,,,,,,,,,,,,,1,1,N/A
Sound and Vice,,Local,,,Maine,,,,,,,,,,,,,,,,,,,N/A
Spawn of Man,,Local,,,Maine,,,,,,,,,,,,,,,,,,,N/A
Spectrobot,Spectrobot,Local,https://photos.smugmug.com/Music/Band-Logos/i-gHTBPkh/0/KGJHpCszC3mk2FX7q9DgcWNrkGCv4vNfdLvg9Nmdr/S/Spectrobot-S.jpg,Midcoast,Maine,,Fred 332,,,Robert Paradis,,,Fred 332,Joe Murphy,,,,,,,,10,10,Active
Spidermilk,,Local,,,Maine,,,,,,,,,,,,,,,,,,,N/A
Stillborn Condition,Stillborn-Condition,Local,https://photos.smugmug.com/Music/Band-Logos/i-Zw5hvB5/0/LxXGsTr5f8mncqN353hSwbcrRMjhC8WDQB7qqWC3Q/X2/Stillborn%20Condition-X2.jpg,Southern,Maine,,Nick Morin,,,Chris Brown,Al Pike,,Brandon Hyde,Seth Perkins,,Matt Glidden - Drums,Greg Burns-Jackson - bass,,,,,16,7,Active
Stoned Audio,,Local,,,Maine,,,,,,,,,,,,,,,,,,6,N/A
Stove Up,Stove-Up,Local,https://photos.smugmug.com/Music/Band-Logos/i-JJPmX5m/0/KHr4CVwQjj3SjVJxz5ZMLzsF53TDvCJpmXW2RTrkg/X2/Stove%20Up-X2.jpg,Midcoast,Maine,,,,,Kevin Boatright,,,Todd Roughgarden,,Ivory Petroff,Rikk Ashe - Drums,Matt Carter - Vox,,,,,,,N/A
Strict9,,Local,,,Maine,,,,,,,,,,,,,,,,,,,N/A
Strictly Business,Strictly-Business,Local,,Wiscasset,Maine,,Dudley Leavitt,,,Dudley Leavitt,Brian Rathbun,,,,,,,,,,,1,1,Inactive
Sygnal to Noise,Sygnal-to-Noise,Local,https://photos.smugmug.com/Music/Band-Logos/i-ZhZBDdd/0/K2VfMXrtj5NR92L3DxJtmS4LGLZqMkNrcKVXCMZPV/L/STN-L.jpg,Southern,Maine,,Coopa,,,Geoff Fleming,Aaron Castaldi,,,,,Charles Yoho - Guitar,David Graham - Guitar,Joey Nash - Guitar,Greg Burns-Jackson - Bass,,,15,7,Active
Sythe,Sythe,Local,https://photos.smugmug.com/Music/Band-Logos/i-wpjm8q7/0/K8zsszSLfWS2PP8C7gQkBsf8FCX4XpNLZQZLVRW8d/X2/Sythe-X2.jpg,Portland,Maine,,Justin Colangelo,,,Justin Colangelo,,,Josh Thibeault,Bobyneth Smytoronzi,,,,,,,,1,1,Active
Tattered Hearts Club,,Local,,,Maine,,,,,,,,,,,,,,,,,,,N/A
Terrible Old Man,Terrible-Old-Man,Local,,Central,Maine,,,,,,,,,,,,,,,,,1,1,Inactive
The Band Apollo,The-Band-Apollo,Local,https://photos.smugmug.com/Music/Band-Logos/i-LpTjbhd/0/L4mGjhgWzHLbrvFZtZqV7GPCxckxgFbfmT5KqfNFQ/X2/Band%20Apollo%2C%20The-X2.jpg,Central,Maine,,Johnathan Johnson,Ben Packard,,Johnathan Johnson,,,Ben Packard,Johnathan Truman,,,,,,,,1,1,Inactive
The Burial Curse,The-Burial-Curse,Local,https://photos.smugmug.com/Music/Band-Logos/i-52sGwsR/0/NZDs5rzLTtnwG7GjGQHpSmWrqdg2FC9V6LQzvjjkz/L/The%20Burial%20Curse-L.jpg,Belfast,Maine,,Walter Fitzgurls,,,Walter Fitzgurls,,,,Dustin Pynes,Jimmy Gould,,,,,,,1,1,Active
The Fall of Babylon,,Local,https://photos.smugmug.com/Music/Band-Logos/i-LZqSwsV/0/LFLNMkNB8KLxBqXh7nTnH6HkLtthgQmQXFB2hGXPL/XL/The%20Fall%20of%20Babylon-XL.jpg,,Maine,,,,,,,,,,,,,,,,,,,N/A
The Great North,,Local,,,Maine,,,,,,,,,,,,,,,,,,,N/A
The Hailing Tides,The-Hailing-Tides,Local,https://photos.smugmug.com/Music/Band-Logos/i-RBFwJ4f/0/K7FN4cRJQp4LSLRzKcJtRDnkGhCmX4NTDzp26W6Gc/XL/The%20Hailing%20Tides-XL.jpg,,Maine,,Charles Young,,,Tom VonLuk,Austin Leach,,Courtney Violettte,Michael Vail,,,,,,,,1,1,Active
The Hollow Glow,The-Hollow-Glow,Local,https://photos.smugmug.com/Music/Band-Logos/i-zKZCfdq/0/NV5MRkNMtx77zMk4gxzqgjdnFfrwMKhQFZP2M8Tv7/L/The%20Hollow%20Glow-L.jpg,Portland,Maine,,Ben Carroll,Tom Connors,,Ben Carroll,,,Tom Connors,,,,,,,,,3,3,Inactive
The Marble Socket,,Local,,,Maine,,,,,,,,,,,,,,,,,,,N/A
The Motor Creeps,,Local,,,Maine,,,,,,,,,,,,,,,,,,,N/A
The Resistance,The-Resistance,Local,https://photos.smugmug.com/Music/Band-Logos/i-NQgX7wc/0/KvVXq8kqKqRtB8HsRM7WhCrqVxZ7FmkmxwKSGntxp/L/The%20Resistance-L.jpg,Central,Maine,,Sierra Carey,,,Jared Smith,,,Ethan Collins,,,Jessica Smith - Drums,,,,,,5,1,Inactive
The Secret of Esrever,,Local,,,Maine,,,,,,,,,,,,,,,,,,,N/A
The Struggle Within,The-Struggle-Within,Local,https://photos.smugmug.com/Music/Band-Logos/i-bPqZz4V/0/K27jkF4F3tqsPvDGz7xDRfCN3hMDsKg9kVWgVTHFc/X2/The%20Struggle%20Within-X2.jpg,Bangor,Maine,,Korey Brown,,,Johnathan Condon,Thomas Heskett,,Robyn Heskett,Brandon Tardif,,,,,,,,3,2,Inactive
The Unscarred,The-Unscarred,Local,https://photos.smugmug.com/Music/Band-Logos/i-J6VtZpp/0/KmPM94SBKW5C6qPRMSxgTFPT4q7CRvzRfnND2Z7Pd/X2/The%20Unscarred-X2.jpg,Southern,Maine,,,,,,,,,,,,,,,,,1,1,Active
The Vanityites,,Local,,,Maine,,,,,,,,,,,,,,,,,,,N/A
Thousand Mile Fall,Thousand-Mile-Fall,Local,https://photos.smugmug.com/Music/Band-Logos/i-b3xCgss/0/MFPZHvTFRXNsQ72f9XFfrt8wRxxpVxKFGbFv7FKFb/X2/Thousand%20Mile%20Fall-X2.jpg,Durham,Maine,,John Wagoner,,,Alec Bonang,,,Jared Polley,Jesse Graham,,,,,,,,2,2,Active
Throttle,Throttle,Local,https://photos.smugmug.com/Music/Band-Logos/i-jN5mTwZ/0/NMkTMRvB53PdpCdzKc2Jgx7N8kmFX2gzw7MKZdjNp/L/Throttle-L.jpg,Lewiston,Maine,,Peter Smith,,,Mike Smith,,,Mike Baptista,Mike Brown,,,,,,,,1,1,Inactive
Thy Enemy,Thy-Enemy,Local,https://photos.smugmug.com/Music/Band-Logos/i-rbSbTKW/0/MX3GtKqTZFgJfc4HQv3bhWHvHr7nWnjcH736RD7gb/XL/Thy%20Enemy-XL.jpg,Central,Maine,,Bradley Smith,,,Bronson Bateman Sr,Ethan Hartley,,Alan Tydlacka,Gary Porter,,,,,,,,2,2,Active
Too Late the Hero,Too-Late-The-Hero,Local,https://photos.smugmug.com/Music/Band-Logos/i-pbjWfs5/0/NJXtFDxxRsH2VD7BmfQnwNX59nHhFwDxLTZwKzj24/M/Too%20Late%20The%20Hero-M.jpg,Portland,Maine,,Jared Wilbur,,,Kevin Billingslea,Duncan Cook,,Rick Verrill,Jake Wertman,,Jack Stolz - Guitar,,,,,,1,1,Active
Towers,Towers,Local,https://photos.smugmug.com/Music/Band-Logos/i-QnS88hQ/0/LfmfbNdcGcmRM6fNxNqVKB46LxzrRnm6jjP6JdqkP/X2/Towers-X2.png,,Maine,,Sam Belanger,,,Nick Lemay,,,Peter Arbour,Ed Hamaty,,,,,,,,1,1,Inactive
Toxic Cross,,Local,,,Maine,,,,,,,,,,,,,,,,,,,N/A
Trash Fire,Trash-Fire,Local,https://photos.smugmug.com/Music/Band-Logos/i-4GVb82c/0/KMrTTmqDZk6H9S8fqjFhdc8WV6xhbdTTVFCrzGXq2/X2/Trash%20Fire-X2.jpg,Central,Maine,,Justin Tyler,,,,,,,,,,,,,,,2,2,Active
Trawl,Trawl,Local,https://photos.smugmug.com/Music/Band-Logos/i-WrMGrgQ/0/KNRdSL6KH2JPfHDFPXb9V2MsTdkBRjQnwnxMk4Z38/S/Trawl-S.jpg,Southern,Maine,,Sean Matthews,,,Justin Patry,,,Seth McClellan,Adam Nichols,,Tom Michaud - Bass,Gary Marston - Drums,,,,,12,12,Active
Trial By Stone,Trial-By-Stone,Local,,Lewiston-Auburn,Maine,,Shawn McGrath II,,,Dan Murphy,Mike Hopper,,Keith Mercik,Chris Pomerleau,,,,,,,,11,1,Active
Tried and True,Tried-and-True,Local,,Central,Maine,,Ryan Newton,,,Brock Pare,,,Caleb Card,Ryan Newton,,George Maguire - Bass,,,,,,4,4,Inactive
Twin Grizzly,Twin-Grizzly,Local,https://photos.smugmug.com/Music/Band-Logos/i-HDFK8n8/0/NV5PMbTWJZWSpZMpSjvWV7jL99g2XMmcP77w2TbbP/XL/Twin%20Grizzly-XL.jpg,Portland,Maine,,,,,,,,,,,,,,,,,3,2,Active
Two Forty Gordy,Tried-and-True,Local,https://photos.smugmug.com/Music/Band-Logos/i-z4Spmwr/0/LnhxKDGLVt2TDsdLgckgmT7P3BGfdsZcCZsrrHFLT/L/Two%20Forty%20Gordy-L.jpg,Portland,Maine,,Matt Lange,,,Matt Lange,,,John Sears,Mark Hurley,,,,,,,,2,2,Inactive
Typhoid Mary,Typhoid-Mary,Local,,Midcoast,Maine,,,,,,,,,,,,,,,,,1,1,Inactive
Uncertainty,Uncertainty,Local,https://photos.smugmug.com/Music/Band-Logos/i-4tVWRqC/0/Ktr6PfV9k3RwMktDVbC62cbtVjJSMZX9ms6jQBw2V/L/Uncertainty-L.jpg,Lewiston,Maine,,Shane Yonuss,,,Shaun Castonguay,,,Shane Yonuss,Tony Cortez,,,,,,,,2,2,Inactive
Uncle Jack,Uncle-Jack,Local,https://photos.smugmug.com/Music/Band-Logos/i-ZnwhQb7/0/KTJ4zp2gFbPTn9VZ5fG8vSkChrVGhRJm6VNXJkRQ4/X2/Uncle%20Jack-X2.jpg,Auburn,Maine,,Scott Labbe,,,Ted Warner,,,Chris Michaud,Mike Stevens,,,,,,,,8,3,Active
VennDetta,,Local,,,Maine,,,,,,,,,,,,,,,,,,,N/A
Viqueen,Viqueen,Local,https://photos.smugmug.com/Music/Band-Logos/i-LXLNVZD/0/L4gTkGnkBt3wBn3VQpT8sTKJvSNvwVHnM43xG3wz6/X2/Viqueen-X2.jpg,Portland,Maine,,Alexa Rae,Courtney Cavanaugh,,Alexa Rae,,,Courtney Cavanaugh,Chris Leighton,,Tom Couture - Guitar,,,,,,3,3,Active
The Waking Life,,Local,,,Maine,,,,,,,,,,,,,,,,,,,N/A
War Criminal,War-Criminal,Local,https://photos.smugmug.com/Music/Band-Logos/i-ZxmXCLz/0/NhjxHFbGHVMCDzXCSqdXGVJCjhZGtNHxGcqWpvrS2/M/War%20Criminal-M.jpg,Central,Maine,,Ryan Hill,,,Mike Bohanen,,,,Wayne Howe,,,,,,,,1,1,Inactive
Weapons at Hand,Weapons-At-Hand,Local,,Midcoast,Maine,,Ryan Newton,,,Tom McDonald,,,Josh Ward,Conrad Lausier,,,,,,,,8,2,Inactive
Wecreatedthismonster,Wecreatedthismonster,Local,https://photos.smugmug.com/Music/Band-Logos/i-tzv5599/0/NQRTHzzPRnqdgx4bTFx3wqbdcd5VHcpT4JMM5ZPwB/M/Wecreatedthismonster-M.jpg,Downeast,Maine,,Andy Eisentrager (RIP),,,,,,Latoya Marshall,,,,,,,,,1,1,Inactive
When Muppetz Attack,WMA,Local,https://photos.smugmug.com/Music/Band-Logos/i-L6NzjNd/0/Kr4THVVVMNHGfxxzGq94tJmT8NzP7hVPhzg3rNcK2/M/WMA-M.jpg,Lewiston,Maine,,Jason Johnson,,,Jay Stevens Jr,,,Stephen Lepannen (RIP),Alex Stephens Jr,,,,,,,,13,13,Inactive
When The Dead Won't Die,When-The-Dead-Wont-Die,Local,https://photos.smugmug.com/Music/Band-Logos/i-bZkkGv9/0/LVc3RNnmq6PTHMtjxc9k567Rtw5v5Lfk9gVMVW8hz/X2/WTDWD-X2.jpg,Central,Maine,,Cameron Waceken,,,Ryan Deschaine,James Rafferty,,Bruce Ibscher,Phelan Berry,,David Barnes - Bass,,,,,,5,5,Active
Worthy Bones,Worthy-Bones,Local,,,Maine,,,,,,,,,,,,,,,,,1,1,Inactive
Y Wouldn't U,Y-Wouldnt-U,Local,https://photos.smugmug.com/Music/Band-Logos/i-Kqw8JsS/0/L5nrsV8qJ5g6XJcrXXxkcXzNTwNwR3kJtKgt3c7bd/XL/Y%20Wouldn%27t%20U-XL.jpg,Midcoast,Maine,,,,,,,,,Damien Pinkham,,,,,,,,3,2,Active
Years Go By,,Local,,,Maine,,,,,,,,,,,,,,,,,,,N/A
Yellow Brick Road,Yellow-Brick-Road,Local,https://photos.smugmug.com/Music/Band-Logos/i-gbqNSHm/0/L5Mw7zX3jGkRc42MwzmpwjkgvDw2xJqKCsrZp4mts/XL/Yellow%20Brick%20Road-XL.jpg,Midcoast,Maine,,Gerald Brann,,,Mark Cavanaugh,,,Mike Tobias,Kevin Ostrowski,Gerald Brann,,,,,,,1,1,Active
Zealous Bellus,,Local,,,Maine,,,,,,,,,,,,,,,,,,,N/A
4x4 Barracuda,4x4-Barracuda,Regional,https://photos.smugmug.com/photos/i-DbRb63D/0/LcG8g33Sm79NVQ8zCmqxJsDwnqj8rqJzRXH6gd5gs/X2/i-DbRb63D-X2.png,,Massachusetts,,,,,,,,,,,,,,,,,1,1,Inactive
Aegri Somnia,Aegri-Somnia,Regional,https://photos.smugmug.com/Music/Band-Logos/i-Gq9Xhzf/0/MdHbfM5JQV4kcBCngc56R2rVpWDrJv8qGcx4FqBTz/L/Aegri%20Somnia-L.jpg,,New Hampshire,,,,,Jim Tainus,Camilla LeClair,,,Brandon Stevens,,,,,,,,1,1,Active
Begat the Nephilim,,Regional,,,,,,,,,,,,,,,,,,,,,,N/A
Bottlefight,,Regional,,,,,,,,,,,,,,,,,,,,,,N/A
Carnivora,,Regional,,,,,,,,,,,,,,,,,,,,,,N/A
Carolina Burn,,Regional,,,,,,,,,,,,,,,,,,,,,,N/A
Cougar Bait,,Regional,,,,,,,,,,,,,,,,,,,,,,N/A
Crypitus,Crypitus,Regional,https://photos.smugmug.com/Music/Band-Logos/i-7m6Nkt8/0/LVMJM8DgXZsxTw3q65r2XMC692GKKdPKQPwMD4vqM/Th/Crypitus-Th.jpg,,Vermont,,Dougles Friend,,,Peter Snee,Joe Minard II,,,Zach Patch,,,,,,,,2,1,Inactive
Cytokine,Cytokine,Regional,https://photos.smugmug.com/Music/Band-Logos/i-D5wB3Zb/0/M6kdp37SGFxR7HgLT6RcbPmskk5xzxFz3XQssfBsL/M/Cytokine-M.jpg,,New Hampshire,,Eric Zuchowski,,,Rob Kulingoski,Stephen Stanley,,,Logan Kessler,,,,,,,,1,1,Active
Dawn of End,Dawn-of-End,Regional,https://photos.smugmug.com/Music/Band-Logos/i-ct7p6s9/0/M7bHg3STqGXPssjhGcWvdwFR8dsHgHrFmTk4x5wkS/S/Dawn%20of%20End-S.jpg,Seabrook,New Hampshire,,Damian Raymond,,,Jason Pvirre,,,Chris Shields,Damian Raymond,,,,,,,,4,4,Active
Dead By Wednesday,Dead-By-Wednesday,Regional,https://photos.smugmug.com/Music/Band-Logos/i-hgrf4D8/0/KGjtDkL9SSqnjv67CHvJwDmrHtKnBT55pxX9ss4zg/M/Dead%20By%20Wednesday-M.jpg,,Connecticut,,Estaban Bonilla ,,,David Sharpe,,,,Christian Lawrence,,,,,,,,1,1,Active
Death Rattle,Death-Rattle,Regional,https://photos.smugmug.com/Music/Band-Logos/i-jGRZfj4/0/KfJmjDNTLCCqtkQ9WxnZPvB2FJdwS3zSzVzqVKLj2/M/Death%20Rattle-M.jpg,Boston,Massachusetts,,,,,Ryan VanderWolk,,,,Chris Morin,,Donnie Lariviere - Vox,Jim Dankle - Guitar,Matthew DiCicco - Bass,,,,3,1,Active
Death Ray Vision,Death-Ray-Vision,Regional,https://photos.smugmug.com/Music/Band-Logos/i-DpsVctH/0/NZ5zbD5x92vCPWVQfpwPzNwSSFwWnpqHNPFKBkkQn/X2/Death%20Ray%20Vision-X2.jpg,Oak Hill,Massachusetts,,,,,,,,,,,,,,,,,1,1,Active
Deathcode,,Regional,,,,,,,,,,,,,,,,,,,,,,N/A
Diamond Edge,Diamond-Edge,Regional,https://photos.smugmug.com/Music/Band-Logos/i-JCFDRg4/0/MbwWHmXj67pqhr97pBJdQZjfxFWKv2QCf7xfCXnCC/S/Diamond%20Edge-S.jpg,,New Hampshire,,Tricia Dovidio,Bruce Dovidio,,Bruce Dovidio,,,Tricia Dovidio,Lee Swanson,,,,,,,,2,2,Active
Diecast,,Regional,,,,,,,,,,,,,,,,,,,,,,N/A
Empty Halls,Empty-Halls,Regional,https://photos.smugmug.com/Music/Band-Logos/i-NC8bJkb/0/LhRCDq9n8dQZbmGM3fxTqFsRVZvJZ5PTcQGnpWPLd/S/Empty%20Halls-S.jpg,,,,Dan Melville,,,Nelson Delgado,,,Brian Bernhardt,Opie Helstrom,,,,,,,,2,2,Active
Exhale,Exhale,Regional,https://photos.smugmug.com/Music/Band-Logos/i-9ndZC5T/0/NhS2JWfqbt9D3S8XnLBxv42gQdz8xMTn2d2Mk25s6/L/Exhale-L.jpg,Boston,Massachusetts,,Corey McLane,Matt Vigeant,,Mike Fintonis,Corey McLane,,Matt Vigeant,,,,,,,,,1,1,Inactive
Hope Before the Fall,,Regional,,,,,,,,,,,,,,,,,,,,,,N/A
I-Invent,,Regional,,,,,,,,,,,,,,,,,,,,,,N/A
Ire & Woe,Ire-Woe,Regional,,,New Hampshire,,,,,,,,,,,,,,,,,1,1,Inactive
Iron Gate,Iron-Gate,Regional,https://photos.smugmug.com/Music/Band-Logos/i-9FPGbcs/0/NKKn3fmvS7CcfWbJGDkd3JtMJ5JXScVZrWK2KtGFZ/M/Iron%20Gate-M.jpg,,New Hampshire,,Jeff Higgins,,,Matty Sanford,,,Billy White,Zach Abbate,,,,,,,,1,1,Active
Leaving Eden,Leaving-Eden,Regional,https://photos.smugmug.com/Music/Band-Logos/i-ffVkxCm/0/MN3TN4FJCRdGCnNdNDRpKnvLnQ8jc3DLKKTRxPm4b/X3/Leaving%20Eden-X3.jpg,Boston,Massachusetts,,Eye Gynan,,,Eric Gynan,,,Richard Chouinard,Jake Gynan,Alyssa White,Anthony Massey - Drums (7/4/15),,,,,,5,1,Active
Lone Wolf James,Lone-Wolf-James,Regional,https://photos.smugmug.com/Music/Band-Logos/i-Xm3CT3S/0/M9vsR6JxbBsLCDBKww8CvgFHC24jZQwnfHfB5fd3w/S/Lone%20Wolf%20James-S.jpg,Boston,Massachusetts,,Gary James,,,Timothy Evans,,,Jeff Holmes,Sherman Wilson,,Brian Sachs - Drums (RIP),Ron Vieria - Guitar,,,,,7,5,Active
Mammothor,Mammothor,Regional,https://photos.smugmug.com/Music/Band-Logos/i-s4WfQDX/0/Kr7g9Tss5dtBzTDnhbdv67fDfcJgZXz5xMXQVdqhB/M/Mammothor-M.jpg,,New Hampshire,,Travis Lowell,,,Alex Muss,Josh Johnson,,Steven Church,Andy Hackett,Lori Gangi - Bass,Euz Azevado - Drums,,,,,,2,2,Active
Manifest,Manifest,Regional,https://photos.smugmug.com/Music/Band-Logos/i-3C7N8zk/0/MJVgdmBxpdTqxfFg8hpMM9NVR8FvGqgC9Q4bjVpDF/M/Manifest-M.jpg,,Massachusetts,,,,,,,,,,,,,,,,,1,1,Inactive
Mindset-X,,Regional,,,,,,,,,,,,,,,,,,,,,,N/A
Muckler's Circle,,Regional,,,,,,,,,,,,,,,,,,,,,,N/A
My Missing Half,,Regional,,,,,,,,,,,,,,,,,,,,,,N/A
No Room To Breathe,No-Room-To-Breathe,Regional,https://photos.smugmug.com/Music/Band-Logos/i-RqvPZxM/0/M7pbnHBT5QBj8hBm3P7bmQJMvxn86sHfbr6rVrJ53/L/No%20Room%20To%20Breathe-L.jpg,Boston,Massachusetts,,,,,,,,,,,,,,,,,1,1,Inactive
Novus Dae,,Regional,,,,,,,,,,,,,,,,,,,,,,N/A
Pistol Shot Gypsy,,Regional,,,,,,,,,,,,,,,,,,,,,,N/A
Prospect Hill,Prospect-Hill,Regional,https://photos.smugmug.com/Music/Band-Logos/i-T5Cp48T/0/LxBCXfDBD4P6Rv3J4sZTD3CwzKVpCHHKsTc5QPf8q/M/Prospect%20Hill-M.jpg,Methuen,Massachusetts,,Edgar Troncoso,,,Johnny Roberge,Derek Rousseau,,Andy Bochart,Mark Roberge,Adam Fithian - Vox,,,,,,,5,2,Active
Puddles of Joy,Puddles-of-Joy,Regional,,,New Hampshire,,Curt Hanig,,,,,,,,,,,,,,,1,1,Inactive
Reaver,Reaver,Regional,https://photos.smugmug.com/Music/Band-Logos/i-wvFCpJp/0/NT3g4p2c8ZZDTRnkcz5KcQM7wcHBq7rRFFTFfL7mb/X2/Reaver-X2.jpg,,Massachusetts,,,,,,,,Ian Cameron,AJ Exum,,,,,,,,1,1,Inactive
Renegade Cartel,Renegade-Cartel,Regional,https://photos.smugmug.com/Music/Band-Logos/i-4B7X6r7/0/MsMNpTxTFf3MZgNrCDK6WHXsZrQTK5Qms294x2r9F/X2/Renegade%20Cartel-X2.jpg,Boston,Massachusetts,,Stephen Damon-Tilley,,,Stephen Damon-Tilley,,,Victor Robles,Robert LaFlamme,,,,,,,,1,1,Active
SEXcoffee,,Regional,,,,,,,,,,,,,,,,,,,,,,N/A
SIXTEENX20,SIXTEENX20,Regional,https://photos.smugmug.com/Music/Band-Logos/i-bL3hvH5/0/Mj35rhkk5jshfTrVwLgFkS8qsbrHkQLQg2RT8G7BJ/X2/SixteenX20-X2.jpg,Plymouth,Massachusetts,,Ed Lawrence,,,Tucker Apple,,,Michael Harrop,Robbie Lesenechal,,,,,,,,2,1,Inactive
Sonic Pulse,,Regional,,,,,,,,,,,,,,,,,,,,,,N/A
Stand Abandoned,Stand-Abandoned,Regional,https://photos.smugmug.com/Music/Band-Logos/i-cG2Tptq/0/KmBDHVm6bTTcv86kZ45ZN7RkD7sXsTwVP83sBz2tR/M/Stand%20Abandoned-M.jpg,Barnstead,New Hampshire,,Travis Pitcher,,,,,,,Jake Scott,,,,,,,,1,1,Active
Tactiles,Tactiles,Regional,https://photos.smugmug.com/Music/Band-Logos/i-FD95ChH/0/NFRkscmRhZDRZfWGzSQFwc2W5z7kW7gckP6HNhj26/M/Tactiles-M.jpg,,New Hampshire,,,,,,,,,,,,,,,,,1,1,Active
The Beast of Nod,,Regional,,,,,,,,,,,,,,,,,,,,,,N/A
Time Out Timmy,Time-Out-Timmy,Regional,https://photos.smugmug.com/Music/Band-Logos/i-PWgst89/0/LnwPccKwXwcbzsXQ5LqjDxLwGkTZ3hVg75cmSvDjv/M/Time%20Out%20Timmy-M.jpg,,New Hampshire,,Tim Hite,Amelia Hite,,Tim Hite,,,Amelia Hite,Owen Dube,,,,,,,,1,1,Inactive
TREE,TREE,Regional,https://photos.smugmug.com/Music/Band-Logos/i-Wdg5785/0/be2b26bb/O/Tree.jpg,Watertown,Massachusetts,,Dave Tree,,,,,,Chris Prendergast,Brett Payne-Drouin,,,,,,,,1,1,Active
Voices of the Dead,Voices-of-the-Dead,Regional,https://photos.smugmug.com/Music/Band-Logos/i-PsqNTmZ/0/MrvbqdZdwKVGq5hV2snzbJvtWZHdVBm8ZFT3vpgHm/S/Voices%20of%20the%20Dead-S.jpg,,Vermont,,Scott McGurl,,,James Brouillet,,,,Alex Valley,Chelsea Deville - Performance,,,,,,,1,1,Active
VRSA,VRSA,Regional,https://photos.smugmug.com/Music/Band-Logos/i-QZm6s2C/0/Kb9XT87zjpw6MX9PBdsJ7XZQ4vsts5JCdPfsTCzM8/S/VRSA-S.jpg,Meridian,Connecticut,,Joshua Bengston,,,,,,Matt Lawrence,,,,,,,,,4,4,Active
Widow Sunday,,Regional,,,,,,,,,,,,,,,,,,,,,,N/A
Wreckless Child,Wreckless-Child,Regional,https://photos.smugmug.com/Music/Band-Logos/i-nWXwtxc/0/NJTMZvxWv9R9TBNRTbzTNKpfmRKG3tTzp7rjNtgpd/L/Wreckless%20Child-L.jpg,Southern,New Hampshire,,,,,Scot Gelzinis,,,Tyler Dussalt,Trevor Dussalt,,Derek Shorey - Vox,,,,,,1,1,Active
10 Years,,National,,,,,,,,,,,,,,,,,,,,,,N/A
Adema,Adema,National,https://photos.smugmug.com/Music/Band-Logos/i-wGhMBXr/0/LGFpwCw8w8tBHCrtw6LHFDnV8xqnSSjhtW4SpWgBR/XL/Adema-XL.jpg,Bakersfield,California,,,,,,,,,,,,,,,,,1,1,Active
Aerosmith,Aerosmith,National,https://photos.smugmug.com/Music/Band-Logos/i-5mfGqgd/0/NJLdr6MzC6mwBtMSNmJLv7t8SVZsD37nWF3Q3fd7G/X2/Aerosmith-X2.jpg,Boston,Massachusetts,,,,,,,,,,,,,,,,,1,1,Active
All That Remains,All-That-Remains,National,https://photos.smugmug.com/Music/Band-Logos/i-wS6N278/0/McqrGqb9GPknrwJQBjjSDsMqnmM2DLpCTXvtFzBsV/X2/All%20That%20Remains-X2.jpg,,Massachusetts,,,,,,,,,,,,,,,,,2,2,Active
Almost Accounted For,,National,,,,,,,,,,,,,,,,,,,,,,N/A
Alter Bridge,Alter-Bridge,National,https://photos.smugmug.com/Music/Band-Logos/i-VSThZjc/0/MTZmZjbkrR3QbvWcnpfRQs8MBX355vJzMghv3pBLH/M/Alter%20Bridge-M.jpg,Orlando,Florida,,,,,,,,,,,,,,,,,1,1,Active
Avenged Sevenfold,Avenged-Sevenfold,National,https://photos.smugmug.com/Music/Band-Logos/i-3pWWk8q/0/L5kMrhCvFJht6MHbTGH8kfh9zsV2cqGc4Htc2Q2L8/X2/Avenged%20Sevenfold-X2.jpg,Huntington Beach,California,,,,,,,,,,,,,,,,,1,1,Active
AWOLNATION,AWOLNation,National,https://photos.smugmug.com/Music/Band-Logos/i-VjzfNnW/0/MXjT5dZgsbFnnkqTQZtnSBrmp5z5qcmJ27QsdGCFp/X2/AWOLNation-X2.jpg,Los Angeles,California,,,,,,,,,,,,,,,,,1,1,Active
Bam Margera-Fuckface Unstoppable,,National,,,,,,,,,,,,,,,,,,,,,,N/A
Bastardane,Bastardane,National,https://photos.smugmug.com/Music/Band-Logos/i-mvfFc5v/0/Kz7WbMvsQw4V9ttjB2jKMFnS5BKDcGz595KjtbqLR/X2/Bastardane-X2.jpg,Savannah,Georgia,,,,,,,,,,,,,,,,,1,1,Active
Beartooth,Beartooth,National,https://photos.smugmug.com/Music/Band-Logos/i-C76rV5x/0/LzRbDzGCwWJ7zX7xW7qFRCC9LRN9fRDcVGqRsgMrB/X2/Beartooth-X2.jpg,Columbus,Ohio,,,,,,,,,,,,,,,,,2,2,Active
Black Stone Cherry,Black-Stone-Cherry,National,https://photos.smugmug.com/Music/Band-Logos/i-wwGvb8p/0/K7gVHSvg3s3QpQSZzqCQbQ6CVdMqC2zz56cqXWW8q/X2/Black%20Stone%20Cherry-X2.jpg,,Kentucky,,,,,,,,,,,,,,,,,1,1,Active
Bonded by Blood,Bonded-by-Blood,National,https://photos.smugmug.com/Music/Band-Logos/i-JPqhpm4/0/L5VM9FChxP9NT9RCzwTPctgBJhcdCV4k2wDb3nncF/X2/Bonded%20by%20Blood-X2.jpg,,California,,,,,,,,,,,,,,,,,1,1,Active
Brett Young,Brett-Young,National,https://photos.smugmug.com/Music/Band-Logos/i-dLK3Xs8/0/MRkth4ZGbMPHd6VMhDDBZL75hDSHT5nvBW5hL7JG5/X2/Brett%20Young-X2.jpg,Huntington Beach,California,,,,,,,,,,,,,,,,,1,1,Active
Buckcherry,Buckcherry,National,https://photos.smugmug.com/Music/Band-Logos/i-2ckpBd4/0/MVkx9rVxtxnr3cWcCCbdr64JxwbDJNZNND9cgmrrx/X2/Buckcherry-X2.jpg,,Kentucky,,,,,,,,,,,,,,,,,1,1,Active
Burden of the Sky,Burden-of-the-Sky,National,https://photos.smugmug.com/Music/Band-Logos/i-QkXdnkP/0/LxC987Psg8SssGKLjmtz8HKhf2cr6npgkV6WN2jj3/X2/Burden%20of%20the%20Sky-X2.jpg,,Illinois,,,,,,,,,,,,,,,,,1,1,Active
Butcher Babies,Butcher-Babies,National,https://photos.smugmug.com/Music/Band-Logos/i-MMqdLvk/0/Lx6MQmCmVbHngx8d4Lkp6kn6gbj7BVDk6SSJTQsgR/L/Butcher%20Babies-L.jpg,Los Angeles,California,,,,,,,,,,,,,,,,,1,1,Active
Chevelle,,National,,,,,,,,,,,,,,,,,,,,,,N/A
Cliver,Cliver,National,,New York,New York,,,,,,,,,,,,,,,,,1,1,Inactive
Clutch,Clutch,National,https://photos.smugmug.com/Music/Band-Logos/i-L5p3g5h/0/MQ88tDGnGcGP2bSD2vrQxX7krGmdKJTTprn6pf4Bc/X2/Clutch-X2.jpg,Germantown,Maryland,,,,,,,,,,,,,,,,,1,1,Active
Core,Core,National,https://photos.smugmug.com/Music/Band-Logos/i-3kZTKqD/0/MCkLTtWb52SMgt3sgzvDVdPtFxR2n2dbxB49B8W2J/X2/Core-X2.jpg,,Oklahoma,,,,,,,,,,,,,,,,,1,1,Active
Corrosion of Conformity,COC,National,https://photos.smugmug.com/Music/Band-Logos/i-pChc37n/0/Km6p7g7q6dfdGRFvXvGMPbj6RRcjKHZxvt6vwjnqV/X2/Corrosion%20of%20Conformity-X2.jpg,Raleigh,North Carolina,,,,,,,,,,,,,,,,,1,1,Active
Dark Sky Choir,,National,,,,,,,,,,,,,,,,,,,,,,N/A
Devil You Know,,National,,,,,,,,,,,,,,,,,,,,,,N/A
Devour the Day,Devour-The-Day,National,https://photos.smugmug.com/Music/Band-Logos/i-SwRBJDx/0/MZCJ45XJqj6h53DDfg2Spq9ZKBrZcZgsf2SLVdrwM/S/Devour%20The%20Day-S.jpg,Memphis,Tennessee,,,,,,,,,,,,,,,,,1,1,Active
Dillinger Escape Plan,,National,,,,,,,,,,,,,,,,,,,,,,N/A
Disturbed,Disturbed,National,https://photos.smugmug.com/Music/Band-Logos/i-ntT6Xbx/0/LthDsbdHcjjBGrf2hKXbgMdDMgFZZNf2wkkmPZwhf/X3/Disturbed-X3.jpg,Chicago,Illinois,,,,,,,,,,,,,,,,,1,1,Active
Eric Church,Eric-Church,National,https://photos.smugmug.com/Music/Band-Logos/i-Q4hQ7d3/0/MvnWTg9brMdnCq6ndDj5BpgZ6jKx84XKNt2pR3qLG/X2/Eric%20Church-X2.jpg,Nashville,Tennessee,,,,,,,,,,,,,,,,,1,1,Active
Eva Under Fire,Eva-Under-Fire,National,https://photos.smugmug.com/Music/Band-Logos/i-cFCWCsb/0/NBpbXwzd93RqpHxrP8sBhtWM6wvj2pLvvbKGXBmMB/X4/Eva%20Under%20Fire-X4.png,Detroit,Michigan,,,,,,,,,,,,,,,,,1,1,Active
Evanescence,Evanescence,National,https://photos.smugmug.com/Music/Band-Logos/i-gfscrG2/0/KWkBmLrTzP4T8wNspPfc476WFS4qg8Pk5bFPGFkwq/L/Evanescence-L.jpg,,New York,,,,,,,,,,,,,,,,,1,1,Active
Extreme,Extreme,National,https://photos.smugmug.com/Music/Band-Logos/i-bcndGGX/0/LnfL3BQsjmSBgCFc6DtZfqQC6rDJq7G3g6hkntd8T/M/Extreme-M.jpg,,Massachusetts,,,,,,,,,,,,,,,,,1,1,Active
Eye Empire,Eye-Empire,National,https://photos.smugmug.com/Music/Band-Logos/i-f7DJ37q/0/LdCLrTgzB9c9f7Sn2C8pnvQKdZ9FKTzgBwnvQMV3V/X2/Eye%20Empire-X2.jpg,,Florida,,,,,,,,,,,,,,,,,1,1,Inactive
Fever 333,Fever-333,National,https://photos.smugmug.com/Music/Band-Logos/i-2rX3T5g/0/KZWfHPN5tNTZQ3ZqDW5fC7BPqz65WLSBrH7qZ6gKc/M/Fever%20333-M.jpg,,California,,,,,,,,,,,,,,,,,1,1,Active
Filmore,Filmore,National,,Nashville,Tennessee,,,,,,,,,,,,,,,,,1,1,Active
First Jason/Ari Lehman,First-Jason,National,https://photos.smugmug.com/Music/Band-Logos/i-gtnQ2Rg/0/NDBNprr68PPdwmC8W5znKcbJrRHWJwNtx8Db35TCz/X2/First%20Jason-X2.jpg,Chicago,Illinois,,Ari Lehman,,,Ari Lehman,,,,,,,,,,,,1,1,Active
Fozzy,Fozzy,National,https://photos.smugmug.com/Music/Band-Logos/i-rnjR4Rv/0/KHjBcZsGGjcJHnzWDdsv5L42QczHJtPhzg57KS8PN/M/Fozzy-M.jpg,,,,,,,,,,,,,,,,,,,3,3,Active
Godsmack,Godsmack,National,https://photos.smugmug.com/Music/Band-Logos/i-j23dmnM/0/Ldp7gvc5Gqqj8jWPmD9zXtcP8rWgGFMxCBSWhGt9g/M/Godsmack-M.jpg,Boston,Massachusetts,,,,,,,,,,,,,,,,,1,1,Active
GFM,GFM,National,https://photos.smugmug.com/Music/Band-Logos/i-5SRzmVV/0/NN4V7KTKwsGHzL3VdHBG3Z46BQq4cZctn655SjJQm/X2/GFM-X2.jpg,Jacksonville,Florida,,,,,,,,,,,,,,,,,1,1,Inactive
Hatebreed,Hatebreed,National,https://photos.smugmug.com/Music/Band-Logos/i-8T4j4WD/0/MSVz8p4FhC236kHPcNDLdfxzZk97xxhD4XDDCZ3j3/X2/Hatebreed-X2.jpg,New Haven,Connecticut,,,,,,,,,,,,,,,,,1,1,Active
Hed-PE,Hed-PE,National,https://photos.smugmug.com/Music/Band-Logos/i-cWLQtvx/0/MBZxBFc3m5xxvg5DTcP9B4dtrNwJXVHSJBpfk45nj/M/Hed%20PE-M.jpg,,California,,,,,,,,,,,,,,,,,1,0,Active
Hell or Highwater,,National,,,,,,,,,,,,,,,,,,,,,,N/A
Hellyeah,,National,,,,,,,,,,,,,,,,,,,,,,N/A
"I, Prevail",I-Prevail,National,https://photos.smugmug.com/Music/Band-Logos/i-g4vpSGv/0/LnsMfn5RWLH2FMvcwwvXfsrN5k2WQsZSmfdQZmJ28/X2/I%2C%20Prevail-X2.jpg,Southfield,Michigan,,,,,,,,,,,,,,,,,1,1,Active
Ill Nino,,National,,,,,,,,,,,,,,,,,,,,,,N/A
Imagine Dragons,,National,,,,,,,,,,,,,,,,,,,,,,N/A
In This Moment,,National,,,,,,,,,,,,,,,,,,,,,,N/A
Incite,,National,,,,,,,,,,,,,,,,,,,,,,N/A
Janus,,National,,,,,,,,,,,,,,,,,,,,,,N/A
Josey Scott Band,Josey-Scott-Band,National,,,Tennessee,,,,,,,,,,,,,,,,,1,1,Active
Joyous Wolf,Joyous-Wolf,National,https://photos.smugmug.com/Music/Band-Logos/i-8TfzPcR/0/NMFBzXPQxNHB7J8C3gjw3dmCrbC2WPs39qg9Pcwrd/M/Joyous%20Wolf-M.jpg,,California,,,,,,,,,,,,,,,,,3,2,Active
Killswitch Engage,Killswitch-Engage,National,https://photos.smugmug.com/Music/Band-Logos/i-nXdk7FT/0/KNNfg94GRmnVBqT63xHKnLgk33RfHtrPxFC9CZMF5/M/Killswitch%20Engage-M.jpg,,Massachusetts,,,,,,,,,,,,,,,,,2,2,Active
KrashKarma,KrashKarma,National,https://photos.smugmug.com/Music/Band-Logos/i-2mthVBV/0/MXTFH5rfp5rRxWt4rFLrQVsHJpK2rPt3tXKCs6TDR/X2/KrashKarma-X2.jpg,,California,,,,,,,,,,,,,,,,,1,1,Active
Kyng,,National,,,,,,,,,,,,,,,,,,,,,,N/A
Lamb of God,,National,,,,,,,,,,,,,,,,,,,,,,N/A
Lody Kong,,National,,,,,,,,,,,,,,,,,,,,,,N/A
Losing September,,National,,,,,,,,,,,,,,,,,,,,,,N/A
Maddie & Tae,Maddie-And-Tae,National,,Nashville,Tennessee,,,,,,,,,,,,,,,,,1,1,Active
Mastodon,,National,,,,,,,,,,,,,,,,,,,,,,N/A
Memphis May Fire,Memphis-May-Fire,National,https://photos.smugmug.com/Music/Band-Logos/i-GVB7jCt/0/K9zvt7XGGhwbr5fdNfXWq7smLBWLcg2rJZ6R8gjrZ/M/Memphis%20May%20Fire-M.jpg,Denton,Texas,,,,,,,,,,,,,,,,,1,1,Active
Middle Class Rut,,National,,,,,,,,,,,,,,,,,,,,,,N/A
Modern Day Outlaw,,National,,,,,,,,,,,,,,,,,,,,,,N/A
Mushroomhead,Mushroomhead,National,https://photos.smugmug.com/Music/Band-Logos/i-mjzRcfh/0/KFgPfmVBkvXHFhZmn5nHq6cLL7dLLzwNnrhZ8G7G4/M/Mushroomhead-M.jpg,Cleveland,Ohio,,,,,,,,,,,,,,,,,2,1,Active
The Nocturnal Affair,The-Nocturnal-Affair,National,https://photos.smugmug.com/Music/Band-Logos/i-Kdh6Dhj/0/MgQ4L5Q2XrxPBsF2Pbd46V9Z746WFBFWT2DWp2dxF/XL/Nocturnal%20Affair%2C%20The-XL.jpg,Las Vegas,Nevada,,,,,,,,,,,,,,,,,1,1,Active
Nonpoint,Nonpoint,National,https://photos.smugmug.com/Music/Band-Logos/i-5D3PHJf/0/NgMTjTS8GGFSpzxxmpCc44M7TbWdm4qk6nDfGFg5B/X2/Nonpoint-X2.jpg,Chicago,Illinois,,,,,,,,,,,,,,,,,3,1,Active
Octobrists,,National,,,,,,,,,,,,,,,,,,,,,,N/A
Papa Roach,,National,,,,,,,,,,,,,,,,,,,,,,N/A
Powerman 5000,Powerman-5000,National,https://photos.smugmug.com/Music/Band-Logos/i-rx2KLvL/0/NLMCfF3LWNQzD9JkmnGdLmmXkLXb86VmR7FSD4w5J/M/Powerman%205000-M.jpg,,Massachusetts,,,,,,,,,,,,,,,,,2,1,Active
Rob Zombie,,National,,,,,,,,,,,,,,,,,,,,,,N/A
Sevendust,Sevendust,National,https://photos.smugmug.com/Music/Band-Logos/i-qdSZ4Jp/0/NZCC5mss68Xqbxnd29RdkHksP9hbgBtn2TBwg4GNK/X2/Sevendust-X2.jpg,Atlanta,Georgia,,,,,,,,,,,,,,,,,2,1,Active
Shadowplay,,National,,,,,,,,,,,,,,,,,,,,,,N/A
Slash/Myles Kennedy,,National,,,,,,,,,,,,,,,,,,,,,,N/A
SoiL,,National,,,,,,,,,,,,,,,,,,,,,,N/A
Soulfly,,National,,,,,,,,,,,,,,,,,,,,,,N/A
Starset,,National,,,,,,,,,,,,,,,,,,,,,,N/A
Stone Sour,,National,,,,,,,,,,,,,,,,,,,,,,N/A
Sykosis,,National,,,,,,,,,,,,,,,,,,,,,,N/A
Taproot,Taproot,National,https://photos.smugmug.com/Music/Band-Logos/i-Pb4FsLm/0/KcgV542C2MHbKWDxgPmkdMFNH8km2bVrmLb2BR79V/X2/Taproot-X2.jpg,Ann Arbor,Michigan,,,,,,,,,,,,,,,,,2,1,Active
Texas Hippie Coalition,,National,,,,,,,,,,,,,,,,,,,,,,N/A
Thrashole,,National,,,,,,,,,,,,,,,,,,,,,,N/A
Threatpoint,Threatpoint,National,https://photos.smugmug.com/Music/Band-Logos/i-HjrCR33/0/LKr6jQVsV3Hf22Z7qZKz9xrq9zzdGtXRZ3Gn4L7dn/X2/Threatpoint-X2.jpg,Scranton,Pennsylvania,,Chris James,,,Alex Olivetti,Greg Baczmarga,,Sam Young,CJ Krukowski,,Matt Van Fleet - Bass,,,,,,5,2,Inactive
Through Fire,,National,,,,,,,,,,,,,,,,,,,,,,N/A
Trans-Siberian Orchestra,TSO,National,https://photos.smugmug.com/Music/Band-Logos/i-Kd5q4sx/0/M4VH9mJ2hgDrQmVPTHTt338ngnD7Q3Cfn9LcTSnHT/M/TSO-M.jpg,,,,,,,,,,,,,,,,,,,2,2,Active
Tremonti,,National,,,,,,,,,,,,,,,,,,,,,,N/A
Trivium,,National,,,,,,,,,,,,,,,,,,,,,,N/A
Ultra Major,Ultra-Major,National,https://photos.smugmug.com/Music/Band-Logos/i-fdvCxzz/0/Lb8Pw8KWtdDVp8dQJBmjTsDCTqNmNZGXzz3qfQvT6/X2/Ultra%20Major-X2.jpg,New York,New York,,,,,,,,,,,,,,,,,1,1,Inactive
Unlocking the Truth,,National,,,,,,,,,,,,,,,,,,,,,,N/A
Unsaid Fate,,National,,,,,,,,,,,,,,,,,,,,,,N/A
VentanA,,National,,,,,,,,,,,,,,,,,,,,,,N/A
Wayland,,National,,,,,,,,,,,,,,,,,,,,,,N/A
We Came As Romans,We-Came-As-Romans,National,https://photos.smugmug.com/Music/Band-Logos/i-QTZbL22/0/KTdQd7nvkgtWqNbZHCNTdnh8xb4Q5cxg3j7ZJx7nw/X2/We%20Came%20As%20Romans-X2.jpg,Troy,Michigan,,,,,,,,,,,,,,,,,1,1,Active
Wikkid Witch,,National,,,,,,,,,,,,,,,,,,,,,,N/A
Amon Amarth,Amon-Amarth,International,https://photos.smugmug.com/Music/Band-Logos/i-Ptj76sD/0/NZnfLPM5f2fjTMw2h5XMBJGQDJF8KLbcJK7r7jZsK/X2/Amon%20Amarth-X2.jpg,Tumba,,Sweden,,,,,,,,,,,,,,,,1,1,Active
Avatar,Avatar,International,https://photos.smugmug.com/Music/Band-Logos/i-22wDFvS/0/NHcXjMPq4JxV3BN3cCrwXft37HzJnmwp2kZx6DZv4/X2/Avatar-X2.jpg,Goteberg,,Sweden,,,,,,,,,,,,,,,,1,1,Active
Blackguard,Blackguard,International,https://photos.smugmug.com/Music/Band-Logos/i-SqSBTfc/0/LK5Lg3Srh68gW8vpVBKZcCsjjFK9TrQkds9JTs57j/X2/Blackguard-X2.jpg,Montreal,Quebec,Canada,,,,,,,,,,,,,,,,1,1,Active
Crown Lands,Crown-Lands,International,https://photos.smugmug.com/Music/Band-Logos/i-8txFRFj/0/NcFMj7SLzSxpQhLpLx8cTqnKVCPcpcLR8LD4kfQL5/X2/Crown%20Lands-X2.jpg,Oshawa,Ontario,Canada,,,,,,,,,,,,,,,,1,1,Active
Deep Purple,Deep-Purple,International,https://photos.smugmug.com/Music/Band-Logos/i-8S344qv/0/NGHQVwXCLkwq34mznpM3xdG2D9XQzGsfjL7KPGM5d/Th/Deep%20Purple-Th.jpg,Hertfordshire,,England,,,,,,,,,,,,,,,,1,1,Active
In Flames,In-Flames,International,https://photos.smugmug.com/Music/Band-Logos/i-5PhWsWk/0/KqVxqCd2LNX8h8HmLShv2kVxrhbttwQvZ7jBT7Crw/S/In%20Flames-S.jpg,Goteberg,,Sweden,,,,,,,,,,,,,,,,1,1,Active
Kittie,Kittie,International,https://photos.smugmug.com/Music/Band-Logos/i-73Q54bJ/0/LgwNd8fLBsVJx5LCzcXrhjhCgHnzLhLmskmMftGW9/S/Kittie-S.jpg,London,Ontario,Canada,,,,,,,,,,,,,,,,1,1,Active
Lacuna Coil,Lacuna-Coil,International,https://photos.smugmug.com/Music/Band-Logos/i-HmPPmwK/0/KsCcKB8XpNz2MTNmJN5mjfpQJDdnmhHRqb737L7HD/X2/Lacuna%20Coil-X2.jpg,Milan,,Italy,,,,,,,,,,,,,,,,2,2,Active
Seether,Seether,International,https://photos.smugmug.com/Music/Band-Logos/i-wpSF6wt/0/L2d2gLDqpZHfQDmjWHs3CgkNZfG86gPwG7W3RrkR7/X2/Seether-X2.jpg,Pretoria,,South Africa,,,,,,,,,,,,,,,,2,2,Active
The Agonist,The-Agonist,International,,Montreal,Quebec,Canada,,,,,,,,,,,,,,,,1,1,Active
Threat Signal,Threat-Signal,International,https://photos.smugmug.com/Music/Band-Logos/i-fzcD6VN/0/MszMT27R8QrhgrDjpDq5JbZDfjxsDssXR4dQfPxFZ/S/Threat%20Signal-S.jpg,,Ontario,Canada,,,,,,,,,,,,,,,,1,1,Active
Volbeat,Volbeat,International,https://photos.smugmug.com/Music/Band-Logos/i-7JJtjXW/0/L8xbF5LmnVkqf77PgDJdQx55Z5hmRcGnZScV8h9xf/L/Volbeat-L.jpg,Copenhagen,,Denmark,,,,,,,,,,,,,,,,1,1,Active
